teamexp_avg,teamexp_var,complexity,resource_avail,stakeholder_eng,dependencies,schedule_pressure,risk_pct
2.4383296776895413,0.10444643827485597,1,3,3,1,1.2032563676551153,0.7758432970599588
1.9022055036032834,0.23317862167314282,2,2,1,2,1.8067440888461208,19.66282942022351
2.5737566718582117,0.1252297041281679,2,1,2,1,1.6661829736235512,11.524262623157208
2.315788846494982,0.1437550330099572,2,3,2,1,1.8831688220878304,3.5080620090152976
1.3506837566202392,0.10811540435156974,1,3,2,2,0.9993624613178563,2.6102169687702106
2.7609957626188093,0.1096899992378004,1,1,2,2,1.455885708177382,10.654061562064664
2.4178235231845644,0.17513090689321376,2,2,1,2,2.1843691691287717,22.30926305522383
2.457702888443126,0.0889873367741141,2,1,3,2,2.397466800638787,29.57087652836043
1.4049818122808733,0.06858486000638618,2,2,1,3,2.139615410163204,44.80233624434182
1.9206175006329071,0.2446496275211808,1,3,1,3,1.0413426597835056,5.852606707397405
1.7932768387721298,0.15182006822604746,1,2,2,3,1.3847072404084244,12.985521916492521
2.6828239821577626,0.03811469774912128,1,2,3,2,1.3820436806912446,3.6142884290220176
2.2301841921290633,0.1914994098519468,2,2,3,2,2.0347554542017194,12.797107407714872
2.516418581233328,0.15431267947052396,2,1,3,2,2.516069400548269,31.87254091942291
1.9094627181237298,0.111392599553662,3,1,2,2,2.5604439665595224,57.90652663905732
1.5635819548556429,0.15328501308726603,2,3,2,1,2.1424673256072078,5.995640969669689
2.0873356592253356,0.2251344000580406,2,2,2,2,2.0691583254099184,17.935124325289753
1.3021076097666804,0.1256670038875372,2,2,3,1,1.7295601817656747,7.134901362891168
2.5242098751881312,0.16170442416298558,1,3,2,1,1.3986134218386925,1.2385944797274526
2.2106630385953037,0.10169813994942206,2,1,2,3,2.561782083612632,59.81725515149143
2.412940384136598,0.16149328986493006,2,1,2,1,2.6494866950024,27.221949304856224
1.7672415490077893,0.1538345518941829,2,1,2,2,2.4060674033797245,43.289179910448915
2.7531168390318452,0.0754449135261884,1,3,1,2,1.1577023360973997,2.3466036346687593
2.628993794115516,0.15966194125558422,3,3,2,1,1.884992023783224,5.0465922855499405
2.445413595318019,0.21457524615797563,3,2,2,3,2.3728208510684174,45.948166053916864
1.511421932563148,0.22457476040510438,1,1,3,1,2.152192348581314,12.926631120956463
1.9467536059632544,0.25864087437039585,2,1,2,3,2.1801307366643354,53.821469563035585
1.270086025259566,0.0971914276197663,3,2,3,2,2.336359561560643,32.03341603613873
1.4468631873080764,0.14388443312572735,1,2,2,1,1.4154193562951276,4.1704424740279356
2.2928783251879272,0.1992907002308219,3,3,3,1,1.8516326812106365,4.206110666291096
2.3916194494525076,0.15384297087130544,2,3,1,1,1.5013596480068248,3.153789433733397
2.7480155718947357,0.10680279980961245,3,2,3,1,2.2406277955736593,10.553171968974357
1.721320573021043,0.20403039966328151,3,3,2,1,2.465429998871947,12.107470534757066
1.79273552965579,0.1694006049861421,1,3,2,3,1.0780858664407595,4.719473408538936
1.9512892980412926,0.15704089292015597,2,2,1,1,1.8157836227734143,10.589985373749377
1.5031541745348571,0.11303023664618803,2,2,2,3,1.5403867018780475,24.26383310120603
1.4078744085367545,0.15274544002492108,1,3,2,1,1.3649893199419467,1.8567302157300989
1.961127881961494,0.194966715488197,2,1,3,3,2.460003753615485,52.86052159402176
1.5630549584814144,0.15875115997427217,3,3,3,1,2.437349353787027,9.482266621931066
2.2717023914920165,0.19727697657784066,1,1,2,2,1.711009357408713,16.000159570148877
1.899443070195729,0.1678503362145501,2,2,2,2,1.9723062849837707,17.452357440177753
2.5322851136925397,0.1668410596891517,3,3,2,1,1.9039349033489887,5.3372454839618575
2.3204241632035982,0.17621890841243998,2,2,3,3,1.9584056039083568,20.84126409269729
1.6997866262112655,0.09823089581592814,2,2,3,1,1.8941895457497644,7.135368735413248
2.5316156822323217,0.2012331485950027,3,2,2,2,2.2174793161754467,25.828138289964492
2.487622971994883,0.10994636654616982,2,1,3,2,2.091326107683139,23.474059619596556
1.819965406448279,0.09324062036717803,1,1,2,2,1.7855766850180945,19.407259916448922
1.6613249662883904,0.10259114335913697,1,1,3,1,1.5617542695463307,7.0289064208577
2.2919928063599606,0.11001536778475582,3,2,3,1,2.12725096237659,11.229171610712472
1.4236039737748956,0.12575586243619608,1,2,3,1,1.912208604101466,5.059024004836369
1.5198531239601731,0.12228789125071123,2,1,1,1,2.863164030653915,46.99563258162991
1.2117796316016087,0.07806235249818486,1,3,2,1,0.7886899154397868,1.1201870001876455
2.4590790040034216,0.16977456440700106,2,2,1,3,1.4221586386871825,20.957020519361468
2.2637613705472512,0.1818255853200017,3,2,3,2,1.9128541516575552,17.41803316028381
2.3282646058021363,0.17203377942526282,2,2,2,2,1.7690134754884337,12.698479575517526
2.4491664496351486,0.1606025629150815,3,1,2,1,2.7187341533111775,39.44100712016214
1.9342652408613437,0.2220420988482911,1,3,3,1,1.3273758826144815,1.0966079589079805
2.1099859135246297,0.07993754444117723,2,2,1,2,1.8516093410341405,18.59721700389465
1.4236751970042518,0.10493478032067718,3,1,2,1,2.6086806640873696,46.5106199318457
1.3832481176575575,0.008755912463200649,2,3,2,1,1.3423741530114892,2.905232931635055
2.2694447388647543,0.16587703115792254,1,3,2,2,1.0767631684742143,1.9882367365720917
1.9537539298290119,0.19360220869931766,3,3,1,2,1.9439716354872612,16.81480701755652
2.104377770369902,0.23835957769016375,2,3,1,3,1.0747350983384443,8.953351258015202
2.423998171865641,0.2028486300539706,2,3,2,1,1.2016069385832213,1.7508200875352025
2.2155493120009453,0.18139884414582566,3,2,2,2,1.8635301816167025,21.646111366946442
2.085727041052793,0.16355167398978263,1,2,2,1,1.6292324671051324,4.021967931875092
2.0947314571926614,0.21162719466826538,2,2,1,1,1.873606484571725,10.698061301011478
1.6863201569001793,0.13178013905380825,1,1,2,2,1.833318360022183,21.16757821016216
1.249308535308703,0.09983817213565963,2,1,2,1,1.4981035030592609,15.687680416429004
1.8987478227717798,0.23580652555094236,1,1,2,2,1.204929994184519,11.842733878382587
1.5433354765112466,0.11122282956869503,2,2,3,2,1.9989646320769485,15.497204123132091
1.8536458299594178,0.22077004262338076,1,3,2,1,0.31639910750018485,0.5591473781233974
2.5654449172290654,0.15847741280407307,2,3,2,3,1.9173888072799414,12.162899472732636
1.574303177384545,0.0955008327947316,1,2,3,2,0.8530048569431631,3.3646643813343196
1.2932843867025057,0.15446595797120416,2,1,2,2,2.3030034675774935,45.42738469288366
1.6502142272351943,0.18829021423326786,2,2,2,2,1.5334246125729112,13.13581844906954
1.6697500124266937,0.16106296269219206,2,2,1,3,2.1146711145514745,42.04280882567032
2.259066423563032,0.12734163729021314,2,3,1,1,2.5124482741749485,8.582513432783049
2.091251443746045,0.14487283990508218,2,3,1,2,0.8680467109636624,3.7706779601974882
2.4542371345702616,0.11255191987881402,3,3,3,2,2.1586131443581946,9.969919563313951
2.2629016645238202,0.1920761678947553,2,3,3,1,1.0075511859218782,1.1439311368601062
1.8502189783041127,0.13224793873714513,1,3,1,1,1.2780306766652512,1.915957242748369
2.502432615465655,0.15488459703557284,3,2,1,3,2.137968350934432,46.70409188635261
1.4671566718523261,0.06686644646972387,2,1,2,2,2.088934696738553,38.11771815896215
1.2363393170141768,0.0879751463799478,1,1,2,2,1.376494117101529,16.791920834626758
1.3440765772410268,0.11802593136083733,2,2,2,2,2.0341623328489504,21.75735258821453
2.3557749609543204,0.2748198457923698,1,1,2,3,1.2154926486088857,18.66610748065624
1.9390035684022195,0.12300135967761092,1,1,3,3,2.022491178869622,30.396021994436317
1.4580348464537627,0.20133870785167504,2,3,2,2,1.4272249080169452,6.205202783041577
2.0016716401653816,0.20726923534397979,1,1,2,1,1.2291927967790732,6.12248976244155
1.4436993643410694,0.14638517781294075,3,3,2,1,2.42848104700221,12.789260770503722
2.3141126001243775,0.16403571565282657,3,3,2,2,1.9297972041572542,11.274130907803686
1.9138500409184491,0.21074967969888822,2,2,3,3,2.372290791132608,32.0581818385319
1.809633961754372,0.1669336063491487,2,2,1,2,2.1664068387940025,26.423731177733096
1.6824193426366023,0.23035842142441987,2,2,3,1,1.5605562885640696,5.384281398277316
2.2084521489902214,0.14938282292340105,3,2,3,1,2.1745030597189756,12.142534706065348
1.7789001768854247,0.22713175219368567,2,1,3,2,2.0863113818990726,29.3214596104233
1.3402398709057615,0.07981362677678372,1,3,2,3,1.607890959995932,9.011412450515424
1.3888094433928244,0.11549533346564558,2,2,2,1,1.9312553140101345,10.898321397822196
2.739036263279223,0.047863703948259326,2,1,3,2,2.102887786328938,21.701382500064085
2.653729105132171,0.13558730533308652,1,3,3,2,1.0900361238705076,1.2813773459143478
2.319531414097199,0.2296521093000335,2,2,2,3,1.7848328892436083,23.200055358368882
1.6253919383352313,0.14618444945365483,1,2,3,1,1.7913776257034972,4.19049809971164
2.750682203756358,0.09006475456395682,3,2,2,3,2.2011116052392428,38.198100161035256
2.4460014463452713,0.08480229233390082,1,1,2,2,1.5315008186105477,12.675729868430919
2.347024302654393,0.1422654603017989,1,2,3,2,1.230647850315894,3.6273895543758585
1.9189784034300619,0.10955740747126522,1,1,2,1,1.4838704538491514,7.857922658627819
1.6355864989522544,0.10576763385769256,1,1,2,2,1.2293712011871705,12.968916600780792
1.3542255394455989,0.12523604089820328,1,1,3,2,1.4248874075020563,13.104442659797973
2.6441638344701466,0.1800621486243836,1,2,3,1,1.849526082695097,3.0115791546433592
1.9292420637337777,0.3310261515593122,1,2,3,2,1.338020221829751,4.891723157944244
1.5237813836723684,0.1071749302361041,1,2,2,2,1.6113235005668294,9.306656503854956
1.6895305986410438,0.2303690876510779,2,1,3,2,1.30637304462975,16.474126631853835
2.1267513103070335,0.19528744931247793,2,1,1,1,2.2204933926897636,27.068506172877104
1.4828364527027706,0.12348247802305062,2,2,2,2,1.7515941886892659,16.56405954410893
2.5705828545478004,0.1455520086466009,2,1,2,1,1.9055679931328475,14.263745384829814
2.413631247736336,0.1479449911524865,1,2,3,3,1.4542879872263397,8.458848867544527
2.3511407295214988,0.1587010223444111,1,3,3,3,1.0012524238563918,2.6404443597875877
1.8913488636401659,0.16509652367735533,1,2,3,1,0.7628375240334933,1.3916268544658588
2.203694145123909,0.10293529766020296,3,3,2,1,2.2266743823515815,8.060047557573649
2.134556750260377,0.10487783983917902,3,1,2,1,2.5229052684044584,37.52071541288347
2.239754562487712,0.20069496916569976,3,1,2,2,2.355817263575645,50.00136081034216
1.3351109138238224,0.09751311733889066,2,3,2,3,1.2601443883782688,10.392102141278825
1.8652918434729753,0.15223446748025504,2,3,1,2,1.1090427451678595,5.182693254627829
1.266582678179028,0.10263630509336141,2,3,2,1,1.6171678121204174,4.035151954371301
1.9903853107912302,0.2384646540846121,3,1,3,1,2.9340322880676077,42.20340630463223
1.7277779397324564,0.17272192244898077,3,3,3,1,2.010949943022312,6.033467195739874
1.431238702185675,0.09136241345937496,3,2,3,3,1.7851715181721524,33.87092628158685
1.3654447483560825,0.17670728089659182,3,2,2,2,2.267535018111521,36.74199214143456
2.140231315484339,0.2602617664178364,2,1,2,2,2.0339971113259816,31.646979125189617
1.4729487496590177,0.15445433272067838,3,3,1,1,2.2092130878222696,13.598147509708589
2.6801921894028755,0.15799088364682112,3,1,2,3,2.632019953223518,68.81621719019803
2.129697823520632,0.24480495670460634,2,3,2,1,0.654253239767023,1.1558996593216735
1.7549916872557392,0.2238371907876576,3,2,2,3,2.3635726613285373,52.65608296623755
2.1454647863702667,0.2113096540062623,1,3,1,3,0.8489561771487749,4.449055170355241
1.236486193647516,0.12811551150674627,3,3,2,2,1.5234813775653904,11.450888575683802
2.733694741186312,0.12815706317581685,3,3,2,3,1.8934579768879312,17.159167501727023
1.97168549910864,0.14135784948713317,1,1,2,1,1.7732913327090034,10.091388438529824
2.452376363600458,0.17471930936291824,2,1,1,2,1.5577796169139528,25.195228029724316
1.3323679998759017,0.04319170142712586,1,2,2,1,1.6113729251172655,5.1517785788328805
1.9786533293410564,0.15742380448922144,3,2,2,2,2.42900165425948,34.72895113091708
1.9851311909672333,0.26319574551936886,3,1,2,1,2.4640928588898494,38.28850569173721
2.7005223279599724,0.14860803107338022,2,1,2,1,1.7897129109318854,12.33832626398576
2.1147648838017203,0.2590679299773971,3,2,1,1,1.9061865987432127,16.96787446316658
1.957583041691126,0.18076068637445222,1,1,3,1,1.9577796394740683,9.202960623283186
1.6271610609470297,0.0926756993957656,1,1,1,2,1.1966331940512287,16.30515473606765
1.7305103957480834,0.15204619291289398,2,3,2,2,1.8693411382457534,8.374994636349713
2.0330758439544603,0.20069145233476735,1,2,1,1,1.350440252260869,4.218250084180233
1.9022583364880745,0.19091721401541042,2,3,2,3,1.5212496501071429,10.895400359521776
1.2345793278085286,0.1546279343123056,1,3,2,3,0.6375736883760026,3.8223468001781375
2.5220670787109727,0.11232753492169803,2,1,3,1,2.005985010961424,12.127872836740654
2.6338572349436267,0.13308742559766268,2,3,2,2,1.7340756548034129,5.250815923565224
1.4243985423977772,0.07382178151464,3,2,2,2,1.7990769736444059,25.809028601253743
2.086457829662479,0.2109881532805268,1,2,1,2,1.5495907601755536,9.597279040531278
1.3737211858167095,0.11665158561817644,3,1,1,1,2.476703676103707,51.26336900749793
2.2755841488636985,0.12576477990394766,2,1,2,2,1.856873315850308,26.343178701621987
1.6499740541424133,0.14153840577691246,2,1,2,1,2.3064019259473914,26.400019450386225
2.2550762155070427,0.15678105060663322,2,2,2,1,1.1393229693064333,3.8002814333203934
2.363191382859012,0.13806672581861026,2,3,3,2,1.6540042246231128,4.055643703610031
2.429835987068251,0.23125559717095073,1,2,3,2,1.8858305474219876,6.661719226849177
1.3723855135294345,0.11139576835519731,2,3,3,3,1.9819829417301986,14.871792952012708
2.6656189522201723,0.09905600086177681,1,3,2,1,1.2669420161615568,1.0155882649244579
1.5683423854318093,0.0375731035104008,2,2,3,1,1.7094957671607462,6.236675198665063
1.2598600898818877,0.056604311051944495,2,1,2,1,1.859259233035711,20.86034743689467
2.087763951026373,0.17514446864033265,2,3,2,1,1.4591222618283073,2.555700869442527
1.793475654179902,0.13817078674848815,3,2,3,1,2.3631421743753718,16.42947470356361
2.527663589011861,0.19873023446730836,1,1,2,2,1.4078268583621751,11.26961193530344
2.493202355302883,0.12599279718980472,3,2,3,2,2.4272271454151144,24.143004920420292
1.7074222285163445,0.22541184293475858,3,3,3,2,2.5899481554009975,19.031905606763825
2.724639032111592,0.1064666940876395,3,1,1,1,2.431435029461782,36.885611108316525
1.6654685410241896,0.1572571972909708,3,2,2,1,1.7966815590150085,13.728155566051209
2.024091406770743,0.19234799004494255,1,1,2,2,1.2465765761050762,11.664516851374493
1.6095441449081642,0.1481290319021615,2,1,3,1,2.282969665513473,20.895727316793955
2.697669712078341,0.19291712187538085,1,1,3,3,1.632076146311867,18.117480071592958
1.463372508131229,0.012469131413269607,3,3,1,1,2.213049268819216,13.356418217454728
1.2718569910277264,0.0028369782484295863,2,3,1,2,1.3899097252521952,8.179041007712346
1.8961552960048604,0.15899549791450904,1,1,1,3,1.8991870642619495,41.885488873199435
2.787800902489339,0.09568627376496656,3,1,2,2,2.4025102479650826,45.17820983718242
2.6266836260078623,0.15094740443715232,1,1,1,2,1.4302487834028152,14.30438913964893
2.3977728311311184,0.17061798241722467,2,1,3,2,1.9297004563592846,21.495959971689764
2.6252679854056398,0.09741863963521953,2,2,2,1,1.4408836933730291,4.353246884791211
2.629514623516581,0.167016901526544,1,2,3,2,1.9968078675744834,6.776149334545913
2.0301733766183183,0.24748665327519412,2,2,2,3,1.7710854559324538,25.13384520608216
1.7054864829292686,0.1699344226208141,3,2,2,3,2.393354226604659,53.62230576667305
2.4352198913775807,0.19010355977399798,1,2,1,2,1.2389392601387603,6.314303998607102
2.2586580210684177,0.17914452702915074,2,1,3,1,1.734421653406053,10.59103896414487
1.797852366197936,0.14497283082058063,1,1,1,2,1.5798358467246194,21.243488525557414
1.3511466688984244,0.14837706446979015,2,3,1,2,1.8803577600137595,12.670349178077348
2.3948633781584414,0.1528822057078084,1,3,1,1,0.9937804625805149,1.1732525437525727
1.6199368254765834,0.1493919024012688,3,3,3,1,1.6888404081811756,4.612155035568771
2.6989010408540466,0.18046087316227252,3,3,1,1,1.9966392733107432,7.263980713878887
1.5855529200090954,0.02219678290754172,1,2,2,2,1.5497067802153233,8.470474839096113
1.3964126918583775,0.048637483739805185,2,3,3,1,2.042854450655955,4.2861130274742285
2.5297802753998497,0.07000910862796819,2,2,3,1,1.9061251435117486,5.256114990036614
1.4452549065991904,0.10787095516811845,2,1,1,1,2.2431978035593705,32.88634569390382
1.4868292930523825,0.1188468305853495,2,1,1,3,2.2657825710760964,66.70383494760311
2.1590124664333494,0.10343205542023438,1,1,2,1,1.3040953854202109,6.072098674628301
2.599299265339943,0.07083552967246627,1,1,1,1,1.3610003788591367,7.145491657316695
1.5142954651433171,0.0921973114262638,3,2,2,2,1.874831113118305,26.650112269343513
1.6965178766401516,0.28240692148914814,2,3,2,1,1.1503562732925063,2.2493699423542317
2.443847741185884,0.2309073985625728,3,3,2,3,2.1886379624611214,24.1821379186973
2.7549222816975476,0.07875622488942786,2,2,1,3,1.8870150274991266,26.909822070127063
2.0011858979237473,0.18166271576149376,3,1,2,2,2.473848818927435,55.22354608664853
1.4302360040820012,0.06657126735151879,1,3,1,2,0.3721850453793194,1.822451291270193
1.2222980603331224,0.0008998873831529697,1,2,2,1,2.0166430575855854,7.783763968499042
1.5674496479981683,0.1364826104126629,3,1,1,1,2.1817183987539335,42.11717878713739
1.4109155484584335,0.07156280729892318,3,1,3,1,3.0655438267816875,50.38724647831806
2.284253877780572,0.15785695637948996,2,2,2,1,1.3652275558046052,4.66680848671628
1.3949320074056497,0.039313975201912765,2,1,1,1,1.8062796524330391,24.161779741064766
2.0101278905930124,0.16055089167208544,2,3,1,2,0.8891451852471112,3.981830531894306
2.310819897028618,0.1659887018279925,2,3,2,1,1.6586374927828094,2.8401719847510334
2.1297865747534437,0.2010056032554044,1,2,1,1,1.0696229537566304,3.100561333648343
1.519641042656092,0.156825736957913,3,1,1,2,2.128099953770494,58.70076261874788
2.4865992418916205,0.0690956518732654,1,3,3,2,0.7382457348476807,0.9540955951356737
2.3446514073852827,0.19678076552207374,2,2,2,1,2.033206518821359,8.58574710515983
2.3823744062648666,0.10900616100125862,1,1,1,1,1.8634390954702642,12.26351289551004
1.409692402491701,0.15293521606259214,1,2,2,1,1.9436101673236357,6.980557469726845
1.3980060858405512,0.11920221094783051,2,2,2,1,1.5942880136781081,8.00937471002924
2.684100081610412,0.039967280831380986,2,2,3,3,1.8656458113140402,16.798150792390175
1.836125110119905,0.1623401294535946,2,1,1,3,1.6631994407794146,49.03055707315599
1.6815179068495034,0.1758039080164555,1,2,3,2,1.2994882931794045,5.03087416663162
1.981734472562453,0.22821286536539037,3,1,3,2,2.294346406015647,43.715786555071176
2.260582740421732,0.15820623973821485,2,1,1,2,2.1893349872486265,40.534162257834915
2.7289972112751517,0.1793893163600324,3,1,1,2,2.7551065419254575,62.23149154197637
1.658313963011288,0.20481740028416637,1,3,2,1,1.4473200072494499,1.843237832415077
2.679693486899243,0.09654149592677995,2,1,3,1,1.7971563183347168,9.488359139304645
1.23977518621801,0.1361427821025819,2,2,2,2,2.0995403713869,23.701026113146963
2.088316867722919,0.28491409189635347,2,2,2,2,1.786774458867661,14.288040966680358
2.214360178689736,0.2694428728805199,1,3,3,1,1.0526209312308956,0.7545464376501478
1.3694358460012053,0.054524785425702514,1,2,3,1,1.1874465539543244,2.534695807683227
1.4245433553022602,0.07694579181577717,2,3,2,1,1.3820192616915343,3.010755864727301
1.8705829109060859,0.256990327457504,1,1,2,1,2.17269415385887,15.133855236018167
2.7459710594290905,0.04762313953423941,2,1,3,2,2.142223229948207,22.32822146440246
2.1536680851749965,0.1133838653120832,1,2,2,2,1.4523835542503614,6.378023426625839
2.692837154560338,0.08331200619033595,1,2,3,2,1.321325942438916,3.425237892973137
2.486977464980753,0.1560810068096289,2,3,1,1,2.2837935834314087,6.417701584200289
1.9478105624884663,0.18792157300124068,2,3,1,1,1.9415031466539274,5.732218928793347
2.4556215188034995,0.1067222831392538,2,2,3,3,1.5836813655603623,14.464640271042981
1.2285388543631803,0.06342789082886525,2,3,2,2,1.4679154835886128,6.844565353379525
1.374630394825176,0.08100053275605468,3,2,1,1,2.135726636988727,25.012881104130408
2.527085783812378,0.08574641405873579,2,1,1,1,2.09376159348478,21.41779026285117
2.4749073413202587,0.25076066502110195,2,2,2,3,1.5896322022105696,18.997408062161806
1.5722251871462938,0.15783891184545026,3,1,3,2,2.581644957008509,54.59506425754675
2.0492313449584856,0.23777377339243888,2,3,1,3,1.9856264396117944,19.996528504818265
2.1696253131200174,0.1529294181780515,3,1,1,2,2.055911567298751,50.46616963408801
2.588382326041618,0.11225118933514852,3,2,2,2,1.8615559788723801,18.979439199496696
2.1649714517419607,0.1423261073658875,1,2,3,2,1.255052433410808,3.9830727747549735
1.8601145108378885,0.048763184699091716,2,1,2,1,1.918961331967651,18.01499592468565
1.7986944694514921,0.104258798751139,2,1,3,2,2.649539762423779,41.36040168156929
1.8814113381976156,0.09365724442732903,3,2,3,2,2.5005127660044515,30.294346395433802
2.2430896409279586,0.055098858978691836,2,1,2,1,2.333296705635479,22.219518949277315
2.5879850108037195,0.06183404984459893,1,2,3,3,1.3206902919459798,6.900101949745468
1.9262350113220794,0.2564124521453588,2,2,2,1,1.7141059779639558,7.550103712168742
1.596543300722173,0.14398396504440536,1,1,2,1,1.2144883758703804,6.943944000258339
1.5786597807961298,0.20834949222220936,3,1,2,1,2.6845220684143456,47.370629179060614
2.393622848389514,0.16806608239310858,2,3,3,3,1.6973163814426355,8.117267448244686
2.5065100214782565,0.17159327175532377,2,3,3,3,1.935799209403485,9.687091767663798
1.3684449277665998,0.07074780727031788,3,1,3,2,2.38675108599315,51.33774757254843
1.306494171128285,0.13373010386007153,2,3,3,3,1.5074662561398808,10.07983442088693
2.1510938620103226,0.21628986343567427,2,2,2,3,1.8510136585681907,25.613290493436857
1.4338771907083172,0.09568459414942432,3,2,3,3,2.4675692726521286,50.32887813694644
2.519462704730146,0.15871532456678883,3,3,3,3,1.5089353133707566,10.27434520365019
1.696535478278519,0.18784745169921085,3,3,1,1,2.1708168401215127,12.236441442973945
1.430195092753828,0.09654838131067295,1,3,1,2,1.1438513313481509,3.8831534687675835
2.6735527559799204,0.05405454425579421,2,2,2,2,1.4824088196138911,8.500555601081142
1.464850756376445,0.06944035092194571,1,2,3,2,0.7746182742037802,3.2375756155677395
1.6555521317406967,0.15839889466149934,3,2,2,1,2.159057886436494,18.671728147017
1.4457814323072937,0.14245468441377157,2,1,3,2,2.484313894982221,40.96269540405923
1.384784101864568,0.07834492205904667,2,2,1,3,2.3024054000224186,49.10411448367435
1.233836826138304,0.0991741772180788,1,1,2,1,1.756612863201029,12.818675238117667
1.2886326546628162,0.1336778724286331,2,1,2,3,2.6386016991526744,70.05428526869102
1.4794263534973642,0.16149971619958028,2,1,1,1,2.0371176751129765,28.44787126864055
1.2854110922034805,0.1823154849665885,1,1,3,1,1.9359910654928343,11.489269561423592
2.145830105777554,0.24440502750622833,1,2,1,1,1.264630733328072,3.751345914277849
2.2891432428792102,0.11138299597827811,3,2,3,2,2.0456203482147557,19.03464896968872
1.8298087309312452,0.26148714126773387,3,2,1,2,1.9967472649358093,33.56190876102265
1.708785755123279,0.13462260878865148,1,1,3,1,1.0318413158627062,4.209787008014548
2.007241979235568,0.2512780433913123,1,2,2,2,1.7861276779840736,9.393453092315612
2.6000079075753737,0.12339827695917129,3,2,1,1,2.0075102682585952,15.344756382987098
2.5618106029155294,0.10448445068841435,2,3,1,2,1.3095683660734412,4.7685907978034745
1.269560099220467,0.01222317024064895,2,2,1,3,1.4460084955161974,29.747079731426336
1.4903974553544383,0.12347476853644104,2,2,2,2,1.738692169039115,16.345099801616282
1.5787917937670335,0.065869744070324,1,2,3,2,1.9290476931679228,9.201342728990918
1.599020121331539,0.19490097796967715,1,3,2,2,1.7781336552468152,5.1052730748924455
2.113972242788436,0.26064333381850424,2,3,2,3,1.051739937259375,6.650116224320159
1.8660198811251076,0.14229043468517985,1,2,2,1,1.2936656012071153,3.154508114175155
1.2788065918841502,0.11893941604385025,1,2,2,1,1.0896926689718904,3.2356710451769666
1.7977826215353145,0.1367681067709765,2,1,2,1,2.346501322363456,26.013671394014693
2.0380047179482195,0.16350846776673128,3,3,2,2,2.0359780641881784,13.628175620652042
1.3626750446459455,0.15374807447939465,3,2,3,2,2.0090292017860496,24.87497960527895
2.5335336860616953,0.12693526209960335,2,1,3,2,2.071771924177306,22.8596260968231
1.2831389863441667,0.19140093360910615,2,3,2,1,1.4067744135776876,3.330417924663581
2.679746990428899,0.08525544400766741,2,3,1,1,2.034273828312469,4.650502077153799
1.3585810265278007,0.16444428682743123,2,1,1,2,2.2140878545048115,50.0886074387217
2.5497199225564042,0.13157468097370187,2,1,2,3,2.2509470262749316,48.934511161968246
2.6442450302841873,0.1538895631159867,2,1,2,1,1.2499247565901308,7.7486710116611945
2.767313088938548,0.07533370527502957,2,2,3,1,1.7799633963513568,4.261925175065285
2.48324140843775,0.1330898703307209,3,1,2,1,3.0749632877177104,47.708723362074814
2.4471640652341264,0.1346031806705031,3,3,2,2,2.3478387210110054,15.392972337070587
2.227973241592876,0.12780071204532717,1,3,3,1,0.5958731242239091,0.4633695826316359
2.446394167325006,0.17358485441908683,2,2,2,1,1.7059722501949217,6.077546242175805
1.4152835334610352,0.15455025474038958,1,2,3,2,1.0395441602243836,4.328666413051603
2.0577088575162197,0.2219832204097824,2,1,1,1,2.563330468108861,35.08382940419565
2.022756592304663,0.27381407038859384,1,1,2,1,1.7232834846827725,9.699607921309457
2.572115430596092,0.19618518264900295,1,3,3,1,0.9196613320805692,0.5652730527842451
1.9404789849496251,0.17331663016749327,3,1,3,3,2.460247383062237,64.99271752804641
1.8161431937605654,0.19413837508978432,2,1,3,2,1.267790341279455,15.189186898659512
2.223301233979376,0.13904646767317258,3,2,2,1,1.8745116089630272,12.05746530237912
1.6263413080013536,0.15134660687257492,1,1,3,1,1.6609331177478928,7.8758639626077835
1.4236294575263309,0.09316312188090088,1,2,2,2,1.6537026105359967,10.000972305154782
1.964603638437993,0.2762840005818683,2,3,2,3,0.9676057638207979,6.5193554474205095
1.867022989751816,0.20045463948405695,1,3,1,1,1.0356534076892712,1.5201171915008815
1.5721119048461978,0.13204679757427193,1,2,1,1,1.7029057215556467,6.91686954172105
1.7880188961842047,0.23141678141737948,3,3,2,1,1.5145640026880185,4.953084046814041
1.7862279197219957,0.06296628547316219,1,2,1,2,1.468754850435252,9.681346136355238
1.7239929030600727,0.06249392399807853,1,3,3,3,1.1697923509318011,3.8891707923939647
1.8071425275630864,0.21407760310273355,2,2,3,2,2.3143140961069806,18.75928977952723
2.2971893527295126,0.1633981753752667,2,1,3,1,1.9809591420665087,12.95169007197777
1.6750023593140564,0.16918929625491222,2,3,1,2,1.498519820487479,8.034688222911598
2.7181726827445445,0.03792383713479998,2,1,3,2,2.3064879259494067,25.47956965210951
2.6661568312610844,0.11001740362267046,3,1,1,1,2.052095399585197,29.062225230658495
1.9694566852801256,0.2961030285574172,1,1,2,1,1.5837350380347424,8.747782687523717
1.725377928007502,0.20459370472412675,2,2,3,1,1.663282496747847,5.808815409419566
2.056695663728005,0.20092590542673996,2,2,1,2,1.75832645618847,17.884878146322123
2.557696782037799,0.10368773355637993,3,2,1,2,2.4545219346888514,36.63705118129808
2.244139744896163,0.1477193914203752,2,3,1,2,1.716248445524652,7.930237637489852
2.487026924715324,0.028603182244622563,2,1,2,3,1.825395307441397,38.610967528121364
2.052355641705184,0.20590126881870016,1,2,3,1,1.4410097609981638,2.5611908861554946
2.212668206828193,0.21391839451366695,1,2,1,1,1.8471324842301573,6.326008443904281
1.6610489826919386,0.07602556466706106,1,3,1,1,0.9005902903608085,1.4082716568979006
2.375829059696465,0.1168186140917972,2,1,2,3,2.0935500341191036,46.66949220547617
1.5238473490011493,0.0786397482551488,1,1,1,2,1.5920517969184114,23.116241368537143
2.311677006109597,0.11017550611161561,2,2,3,1,1.7810984952489668,5.109911342842169
2.5771505093214304,0.12572068009823764,1,2,3,1,0.9108027133251798,1.2189531281420802
1.41136453968247,0.017295164208238956,3,3,3,2,2.3732288562936614,16.96854851018223
2.1830075848670716,0.20631251060224368,3,2,3,2,1.9676944297335452,18.781875387457493
1.3521531971678953,0.15131317978573683,1,3,2,2,1.45782159104606,4.098199396629681
2.361145005234283,0.13929220323358332,1,2,3,1,1.2135870175857466,1.793307747812454
1.3351891501176323,0.0,1,1,1,3,1.462348604431272,36.08384113604438
2.6975037163210014,0.05717857319041367,3,1,1,2,2.81393697513964,63.329327335446074
1.4198526880604834,0.18429212177986595,1,1,2,2,1.9481653810433772,25.295434752210973
2.7342083934545283,0.0,2,2,1,2,1.862599769689195,15.04490294745389
2.4814146817361546,0.11843520515883678,2,2,3,3,2.028345164941896,20.742231096143254
2.149891207146166,0.12101446679048156,3,2,2,3,2.1134341659230804,42.011059078633245
2.452198567407275,0.17993537275827182,2,2,3,2,1.797489711684333,9.557374336668428
2.4721837423729376,0.10328647007643527,2,2,2,2,1.6015126822608543,10.278062631010153
2.7136433005077283,0.12504526096908347,3,2,2,1,2.471219484790078,16.949242939856298
1.6054133661426995,0.17566146977748126,1,2,3,3,1.1919760006497944,8.988359604453906
2.1441214325732947,0.2725951009767284,3,2,1,2,2.645546903481356,46.068565944105
1.3520787161030419,0.10346339829663707,1,2,2,1,1.3052497495040527,3.8609249691255343
2.185865120038594,0.19402020247598473,2,2,2,1,1.8061525692049003,7.382338197472024
1.474066086548462,0.05562270425008982,3,2,3,3,2.4276184061963004,48.72818720614765
2.103920978355907,0.24566454771723295,2,2,3,3,1.8071593263568746,20.016296267323224
2.1158888224541594,0.14652271460254385,2,2,1,3,1.710627505714407,28.773226097203846
1.9455762447699636,0.16470579109827455,1,2,2,2,1.3909929656574587,6.572469805847319
2.0362108408209965,0.1940594981480733,2,2,2,2,2.068145506067275,18.130559113856574
2.4222774240105407,0.06555212619826876,2,1,1,3,1.8511443333589885,47.385980219099075
2.4787915464193064,0.14759962859053938,2,2,2,1,1.7621288978180205,6.298115762050145
1.9874451449206865,0.24669933296900876,2,3,2,1,1.5530860182012427,2.9524888455959815
2.1593495064361794,0.19340009031670732,2,1,1,3,2.3093755586582967,61.876646278756745
2.6899779771041628,0.028558058177175383,2,3,2,1,1.520046387838569,2.083158743535884
1.3915737416017964,0.11268603416375655,1,1,1,2,2.1924897283481166,36.78148644363556
1.3873657054401767,0.1554168725409981,2,2,2,2,1.7530384266854715,17.20988872137765
1.3403344190572293,0.018145150909335175,1,2,1,2,1.328694908478416,9.940888654213017
2.252581256064844,0.11258419850046841,3,1,3,1,2.398690363514681,27.292644948931077
1.869773281264607,0.2264636177060236,2,3,1,2,1.1550075714025971,5.480504181324941
2.4389142658269494,0.15498286959960442,1,2,3,1,1.0889819459723946,1.5434621223325693
2.273970261293748,0.18406921093383802,2,3,1,3,1.390799933078272,11.08612055359125
1.7338204133251809,0.25748412882452304,3,1,2,1,2.7907489546550392,48.71822127560815
2.637386475778457,0.13844277548818254,1,3,2,2,1.140062182191397,1.8213624115885012
2.4200514353130433,0.1768875424799199,1,3,1,2,1.004606743115288,2.347564197058631
1.632855905456281,0.2865847304217538,1,2,2,1,1.7679604236819786,5.583684691582129
1.7827072284352863,0.16033740255351364,1,1,3,1,2.115353139867678,11.247933686748578
1.7031039683268205,0.12051972426265133,3,2,3,2,2.5766147382723283,33.61446057889215
1.4521786377999994,0.14834697161902324,3,2,2,1,1.944073000829453,16.698758746416114
1.4364533960675065,0.14681000427844562,1,3,1,1,1.0014254139419032,1.7228799837636495
2.6978039414011903,0.08062370488253087,2,2,3,2,2.3441208210944158,13.956879697408578
1.900646459518005,0.13513301029132496,1,1,2,3,1.7223419076000066,30.77008587312543
1.8133117164438557,0.29060044996368467,2,1,1,2,1.9697118805311766,40.19148905765581
2.3674971338838047,0.1673425556682272,3,2,3,1,2.4155043883992513,14.209153414951578
2.0847889044046397,0.15208054367594426,2,3,2,3,1.8521897202074338,13.571919270089317
2.6978239789415395,0.15275331792177466,1,1,2,2,1.4785651287215207,11.204566564040016
2.4484823902550277,0.1347450903879296,2,3,2,2,1.6158319875859795,5.037309606498085
1.9669913025992645,0.18295476803067703,3,3,2,2,2.227968020765118,16.489651628249835
1.802175157569322,0.2017369979383009,1,1,1,1,1.301913856212044,9.291013345690969
2.778610471878915,0.031591157004560166,1,1,3,1,1.653703637227842,4.966933177441401
2.3484163776058296,0.17117584318174803,1,2,1,2,1.0656831040847854,5.522931902787588
2.7219114560061457,0.1993928795857682,2,2,3,1,1.5049258509219567,3.4093504372931203
1.389565723547266,0.141917646249501,2,1,3,2,1.8810699767559087,27.961486925492117
2.560853886705252,0.10640887658345984,3,3,3,1,2.0931358613638413,4.697955194014856
2.219318214385932,0.14540230739379698,3,2,1,1,2.1033932114085596,18.91943463981956
1.39507468533618,0.09882629271090188,3,3,2,1,1.7554745625094783,7.025426985594597
2.141212799950753,0.1684734927708439,3,3,2,2,1.9654663689974878,12.375693838317023
2.297754184168718,0.14140911547292404,1,3,2,2,0.8059111815200711,1.4995313662837524
1.2196842974217645,0.1417734783766303,2,2,3,1,1.928640965350173,8.859773605949153
1.9269087389467945,0.1035940433657901,1,1,2,1,1.9894160285874931,12.339902841956242
2.5206392179141135,0.17368144013205825,2,2,3,1,1.7762387877035966,4.754887737794592
1.6725744405505436,0.13735893248294442,3,1,1,3,2.3892053020099375,77.68923339864013
1.9336769308776818,0.21000431340179285,2,2,2,1,1.9120321059646708,8.952587393737993
1.9077026033086288,0.13134428493110734,3,1,1,2,1.8414591743505366,47.61797929359288
1.6830838263079864,0.22417606351687,2,2,3,1,1.9610452369793603,7.81787774149561
2.6695070328248867,0.17301414363194212,2,1,1,1,2.980565741123459,38.873463395703126
2.4500704566904252,0.18797013206211366,2,1,2,2,2.013197133665584,28.30795317147
1.3769414575937766,0.041187788889493246,1,1,3,2,1.6142624898851008,15.080816254194989
2.7952554525401165,0.13542199321462045,1,2,2,1,1.623082100029905,3.023845706148055
2.606720038892392,0.13934674919613319,2,3,1,3,2.043599800459389,17.20427022693891
1.6542535005824623,0.07363690438769994,1,1,1,1,1.9424903533302404,16.73558932353681
2.539034527457501,0.12691386048379244,3,3,2,1,1.3033179364249352,2.968689508558216
1.3702712509942125,0.13426289125089147,1,3,2,1,1.3190196512988241,1.794675391372369
2.7985675687587817,0.12132808785665332,1,2,1,2,2.1715790435725024,12.746261822753002
2.2650955777704587,0.17351699131138165,3,2,2,2,2.3867323140278396,31.332878661984704
2.240200024894075,0.18253490085649232,1,2,1,1,1.0536194260184752,2.9143306594362604
1.3447051631746123,0.1863079247026031,3,1,2,3,2.5345488873255846,77.4505397693714
2.6352534382346002,0.17660123706425396,2,2,2,2,1.41579382459768,8.294518315132152
1.246399205127151,0.0,1,1,1,3,2.0198411067806576,50.53201553928598
1.5853248928658352,0.1288380579735606,2,3,1,3,1.2632352235916224,12.508566873952676
1.428835000266616,0.11561211532501789,2,3,1,3,1.572273090407607,17.134306189757275
2.4428287051075497,0.053351244015978155,3,3,1,2,1.692665999402446,11.16699968538284
1.5171267635406365,0.1403260547170338,3,2,2,1,2.0360655827356027,17.614022745974008
2.657021163409416,0.1748350668326032,2,2,3,2,2.2458451937581483,13.215974742856208
2.2500304629239842,0.11233421196393925,2,3,3,2,1.5810371494681092,3.929733731241352
1.257860336791514,0.11786809184002882,2,1,2,2,1.882239257882284,35.49544968472233
1.2086877346059206,0.04870052408263419,2,1,2,2,1.7064316087339833,31.7062727731357
1.2826526672230383,0.07075808777908794,3,2,2,1,1.6384895540801692,13.465411724906284
2.1694802842363643,0.25127231047698656,2,2,3,3,1.424615809943194,14.271487061736263
2.4823708973750644,0.10855598934440018,2,2,1,1,1.8335877724333134,8.805248446067873
1.5816845130038215,0.16733522618437408,2,1,2,3,2.344070130616799,60.941726252290664
2.5590541486769167,0.031898541040028414,3,2,2,1,2.03189455227334,12.074995539100575
1.2915711042452165,0.19865869196910624,3,1,1,1,2.9211630802157043,63.280432642507634
2.481542165826682,0.1659270002051007,1,1,2,3,1.434749873331532,21.00404528943665
2.6844726882756484,0.09961198276406713,1,1,3,3,1.5785964831360362,17.1466381048299
2.4353734385670087,0.17072753369106022,2,2,3,2,1.4761269838988245,7.149973752339875
2.316993254365819,0.0872432613038336,2,3,1,3,1.847228520370357,15.94776000925535
2.5407683498486127,0.18702409044115118,2,2,2,1,2.4292531842133704,11.408781855588481
1.2642420792753062,0.08569970512855266,1,2,2,3,0.8714549117191407,9.822520362594688
1.5228513771504886,0.12617670786764343,2,3,2,1,1.4461513794095906,3.113617241082338
1.399877886889029,0.09540093750359632,2,2,2,2,2.1794339541150105,23.840627044564236
2.007249584308778,0.17000081862155036,2,3,1,2,1.1159163435723196,4.9595700478790485
2.392301005326151,0.18242672987126698,2,2,3,1,1.970005172091326,6.00623765271959
2.208018951322238,0.18505948232891276,2,2,3,2,2.1664416600622713,14.433350980034373
2.561809759619096,0.15767943912093924,2,1,2,2,2.0734686443070514,28.50150776965671
1.4483407879057453,0.1260057039131541,3,1,2,1,2.61507892128204,46.52918469689071
2.3753937470962585,0.1756074909410246,2,3,2,3,2.0782707158382823,14.972426971633318
1.5088663853902464,0.11357308085578094,2,3,2,2,2.134527966230344,11.442637743760638
1.6332140021084802,0.26258179235160817,2,3,1,1,1.5314098360896553,4.438899275484171
2.3358475156500864,0.07682381042513023,1,3,2,2,0.9902866452102301,1.7486454135920675
2.768327655837891,0.16060317873309712,1,1,1,1,1.374005966677891,6.906094356843721
2.178469769563311,0.24459940326094043,2,3,3,1,1.8430892451286138,2.7136112379986157
1.287200503986073,0.06235212689986337,3,2,2,2,1.7884673326627096,26.620901734954572
2.1860943518840523,0.2866511002765917,2,3,2,1,1.4742277886026394,2.5509104907968667
1.2677608825282674,0.15214263181770157,1,1,2,1,1.6808069312863398,11.963734428710492
2.6146331381869072,0.16660586524955795,2,1,3,2,1.8990992461843736,19.56931725584079
2.335325256160993,0.15669107519649478,1,3,1,1,1.233946079505737,1.5234427105120798
1.477004554276005,0.11940596599253353,2,3,1,3,2.3193539954878277,29.99435607804619
1.346753609318717,0.10243003989051519,3,2,1,2,2.1635204228960374,41.22443576036876
1.4936531662085102,0.15201361864377722,2,2,2,1,1.669378311771783,8.334976161060718
2.768043487286708,0.16765351544680043,2,2,3,2,2.104599547314556,11.213789300082277
1.9336970279335834,0.2002253146175488,2,3,1,1,1.6218750932436565,4.263298170360986
2.454529517346253,0.09382388319696844,2,2,3,2,2.231800731363413,13.808987043685516
2.2182533473724426,0.2121209068029233,3,2,2,1,2.2494062859459154,16.86155752561707
2.1158610399338196,0.230609398661897,2,2,2,3,1.72547303760869,23.59975632918097
1.4322084074640795,0.15702743075093326,2,2,1,1,1.2648825335716336,7.751530793137633
2.7136391256929517,0.14212306190052226,2,2,2,2,1.314079591856478,7.290144293561229
1.6821482120235487,0.14407335509524943,1,2,2,1,0.8492903928718692,2.1993825663816535
2.1248275452920673,0.13690686893786205,1,3,2,1,1.263801749885272,1.2632768893155335
2.319641511342506,0.11397146028896023,1,3,1,2,0.7413251560397622,1.863803180573348
2.238773048392494,0.08639043112477457,2,3,3,2,1.926673209775815,5.460084202564628
2.7049510555128293,0.11785395650892026,3,2,3,3,2.209073969456786,32.096607409737196
1.4375023838720926,0.12082787868828267,2,2,2,1,1.7267439242694995,8.914727420917307
2.013364381515107,0.17621869723816697,1,3,2,1,0.8968434774386986,0.9255318214982357
1.8464550251852254,0.0317463954741099,1,3,3,1,1.3366776244810619,1.1035346997041917
1.958669967172189,0.13212345547158344,2,2,1,1,1.5586506541372767,8.329534775316233
1.3907480419163913,0.17480843815901054,3,2,3,3,1.904386598779036,37.35654841094133
1.4145513757964245,0.08870888343636672,2,3,2,3,1.9065049761816046,17.630660739880472
1.6449208732500118,0.17068570031617697,3,2,3,3,2.3063863482325067,44.58519702765699
1.68752736601733,0.0888027106368812,3,3,1,1,1.8795211715255185,9.29842886418461
1.88464514189016,0.2565546263699829,1,1,2,2,1.842429895420115,20.422124901296744
2.177580075258605,0.1691212736294522,2,2,2,2,1.8026795619332097,13.769971725717314
2.2154065878692206,0.18578114144161403,3,2,2,1,2.314903945135505,17.739423939942895
1.8588974345369123,0.2974753141990059,2,1,3,2,1.8049456292873636,23.521076856900795
1.8540529750859154,0.2563624017075922,1,3,3,1,1.7711195826731867,1.7649700912593598
1.5482056427151392,0.12443247129766566,3,2,1,1,2.0261140096971326,21.955152950007168
2.141289997454413,0.151500324429227,3,1,2,3,2.9168048980849934,78.42468607599024
1.7072654581075806,0.14469147717170083,2,3,2,1,1.493339345208657,3.045346940274465
1.2576957348437818,0.12652101040299768,2,3,2,3,1.7921291346964887,16.999750347300875
1.8694400706509766,0.17733080270758667,1,3,2,1,1.370267049707841,1.564180337477071
1.9586122801442722,0.17471943010239604,3,2,3,1,2.544055526545014,18.176342914991896
1.5609485891267374,0.2148188744190171,2,3,3,1,1.2978128878507567,2.0161700396875726
2.115932692995385,0.17883181301172352,1,2,1,1,1.7226906203836587,5.798067115726115
2.105235040691073,0.30094811589305626,2,2,2,2,2.353931955273432,22.65364935390747
2.323203489776594,0.1614433295507295,3,1,2,1,2.3723921062274433,32.63806998513463
2.236717571521936,0.2577035768416449,3,2,2,2,2.210411820142637,28.237027459607393
2.24389289043365,0.18534691907771134,1,3,1,3,0.9929660072559537,4.891488719001943
1.705942642918469,0.2089403810516016,1,2,2,1,1.29606912434447,3.407507758641705
2.459891555177526,0.10245057340044364,3,2,2,1,2.713426839679747,22.26932722301479
2.078631013759487,0.1468279037026978,3,3,1,2,1.648729642160939,12.41877527717485
1.890269112287824,0.20835451272245925,2,2,3,2,1.5173643534447685,9.136571490735536
2.2016199695056913,0.22254499952250695,2,1,2,2,2.533270280924313,42.4856354134451
1.7770517351204067,0.17228638978274408,2,3,2,1,1.7373645277665086,3.772421514866357
2.020382791370813,0.13296262772970674,2,3,2,2,2.1861110747127572,10.015986896308416
2.3787291015715524,0.08148986814266,1,3,3,2,1.0148684086522441,1.3121105918412113
2.6182446187579322,0.04621056405629698,1,3,1,1,1.1878843411712707,1.2740193516762468
2.6736915156723065,0.021793358930056753,1,3,1,1,0.9517969168684587,0.9821406174244907
2.0058126802929586,0.20469924393329325,3,3,2,3,1.992990350594309,23.714524110801484
2.03244018358491,0.2519268382740799,1,2,2,1,0.8677709908147089,1.9941295991017252
2.4797926572221383,0.1353568563574745,1,1,2,1,1.8554863669965025,9.03507864068816
1.703121106790722,0.047395409705203645,2,2,3,1,1.8970422250477015,7.078275673556932
2.5398117797521094,0.11848707301632466,1,3,1,2,1.1327336012602243,2.5099348114503286
1.9906266344278774,0.19061026809208664,1,2,1,2,1.2828907026201006,7.76124300602678
1.3853707589364292,0.2228493720361292,2,3,2,1,1.2815738037895703,2.852583173830989
1.3152946353167099,0.03584905572958351,2,1,3,2,2.268313873609828,36.57172893676575
2.547189137663141,0.10750756818162145,2,2,3,2,1.4486730042889782,6.606910934505366
1.2889086670510046,0.1904804563006955,3,2,3,1,2.3535687736147732,19.405113325067394
1.6489782978138494,0.17569602344250732,1,2,2,3,2.0223354184428373,23.10988820945424
1.7346080648024733,0.19278006231615102,3,1,3,1,2.8956564465932897,43.545447604533926
1.47679111230655,0.13596803682540057,3,1,2,1,1.9984616171988043,31.75484305075791
1.7022293916831828,0.1767944291572876,3,3,1,3,1.7889785818970094,27.756861375476394
2.388308106760137,0.18710606227924187,2,2,2,3,1.9264352221666012,25.13421695108246
1.223492549696113,0.05599135734817676,2,1,3,1,2.028915423395695,19.011188749682823
2.5234774792330983,0.17410593171433025,2,1,2,3,1.6301782845152737,34.4254505891507
2.570476837719293,0.05528627079315067,2,2,2,2,1.9155947854420474,12.993442350430904
1.795618517106477,0.18916753425577382,1,1,2,1,1.6469949314651102,9.678933846733653
1.4457806384970155,0.1350411332972518,3,3,2,3,2.524297622581135,39.484140023763246
2.1613446527121294,0.14767272522877736,2,3,1,2,1.474031389214766,6.53159724168315
1.391476089383831,0.11772921481822846,3,1,2,1,2.8004010155979775,51.68327421614549
1.783870977725204,0.14005578939674954,2,2,3,2,1.4198734790610072,8.582876028175745
2.7334866894415555,0.048616708398038715,1,1,1,1,1.3415972106310474,6.6479200262049485
2.7927431561338194,0.07662017543480854,2,2,2,1,2.0164985879428468,7.0092153317906165
2.4353678261673366,0.08675152474243872,2,3,1,3,1.8751192341822125,15.687345590741538
1.6975384158732258,0.1758116619877592,2,2,1,2,1.5127821821776823,16.368371807047797
2.300264078665748,0.10246051480361543,2,3,3,2,1.5572232219451736,3.7601295767633194
2.3286501847744203,0.1917788265129632,1,1,2,2,1.2355262479412767,10.362520231531368
1.8205467122618395,0.1169989415718043,2,2,2,2,1.7456340521083562,14.689246166905946
2.225421815337855,0.14162901217590237,2,2,2,1,2.0510768356872378,9.023523461912637
1.217164231961082,0.06439172718405198,3,2,3,3,2.0695124502591566,42.446392351539835
1.5344922537635863,0.20418963694555348,1,3,2,2,1.0752895882168592,2.665739884754052
2.0401412847476177,0.21116232598114726,2,1,3,2,1.7110613805111845,20.379166317974757
1.4620020868132733,0.11768025478121674,1,3,2,2,0.9554924759125223,2.399148563634827
1.4654509886024538,0.15366277053381333,2,3,1,1,2.0774332748643016,7.741388481501089
2.5380868648803805,0.022895467316131513,2,2,2,1,1.82187746751514,6.36387861321142
2.782612804293769,0.0934949466121188,2,2,1,1,1.4993076700048207,5.7592877650206535
2.0895510848455174,0.28793556424416916,3,2,2,1,2.105568415024603,15.80692010246629
2.5425115694107414,0.13428244939870143,1,1,2,2,1.1707717136500313,8.953087716503472
2.784514662922036,0.0987937034021953,2,3,3,3,1.2457520923579364,4.529113891303306
1.4265534217100395,0.15094687521011507,1,2,3,1,1.808101921713936,4.598649452517759
1.9171929812069615,0.2337393263266455,1,3,3,1,1.1072552726840186,0.8899030701661552
1.8281163453470717,0.07720884473511658,2,2,1,2,2.367219052830362,29.97296199248991
1.328078853833896,0.02629418975496811,1,2,3,1,1.3713956484511831,3.0632654557956465
2.408528276471591,0.15604412769142853,2,3,3,3,1.5392063911425513,6.9590542353743094
1.8940464437161486,0.15012903106727765,2,2,1,1,1.9922682475626372,12.616240621639104
1.9509230947046419,0.2590576757382813,2,3,2,1,0.7482237253341797,1.3649162075142713
1.4410767581011843,0.10971818158589672,2,1,3,1,2.111481797096072,19.108039666996024
1.4894826435693889,0.03520448235692927,2,3,1,3,1.5353040535817146,16.064347240380293
2.651365795449944,0.04975053143114096,2,3,2,1,1.9958116680545444,3.3738837060478213
1.2714385423588461,0.0,1,3,3,2,1.4394038182490851,3.020223596980184
1.5725636559099299,0.13130221059051167,1,2,1,1,1.0598924943359598,3.758384937515697
1.6672949285032452,0.14622011743721355,2,3,2,1,1.9226415855882741,4.675136282957619
1.984316067842538,0.17668567355657688,3,2,2,3,2.1213056423257015,44.10051639898213
2.1383122768236733,0.23550231504166386,1,3,2,1,0.8786640321111865,0.8753059278150651
1.9892639613610665,0.2584945200073102,2,1,3,1,2.109130975261361,16.3163532779339
1.334584535291011,0.10275851687099592,3,2,1,2,2.1391691933008548,40.75475708114834
1.5898679264891415,0.03858104015804274,3,2,2,3,2.6615395942085573,60.66634617349735
2.5497414156200655,0.1575652236086042,2,2,3,1,1.902186608547363,5.284013217050708
2.2201419207655344,0.19841575532335753,2,2,1,1,1.8616976762658017,10.095339122277046
2.238638480214839,0.18365111447920207,2,3,3,3,1.820194124856632,9.63433551093997
2.272325208562168,0.21276395965711675,3,1,1,2,2.777861485427814,67.07290294321048
2.4206448304632464,0.08567261778184845,1,3,2,3,1.3850815282891897,4.898378069354337
1.2929735707543157,0.2061675787431657,3,1,1,2,2.875839041844486,76.8503992197219
1.7865734158921798,0.1235717344618639,1,3,2,2,1.3326047238741365,3.055159694814128
2.063243896418686,0.22902862683755132,3,3,3,1,2.000295439418011,5.319159328491451
1.7415303732757215,0.08116999838276197,1,2,3,1,1.7717516186264088,3.8842378603097325
2.5511661972594983,0.079997939335231,1,3,3,2,1.1227311579753585,1.363030329145567
1.97211601373967,0.2721005675015562,1,3,2,2,1.1599739549033985,2.4735908185657856
2.429804143135007,0.12964778976528993,2,3,3,3,2.0664730751890743,11.11034587558161
2.5632248270098703,0.16689948665532384,2,2,2,2,2.2865772383865695,18.16315029430179
2.0076663726455966,0.21082558641654944,1,2,3,1,1.3975472579230033,2.5005057635177868
2.6552835901941596,0.10738094684077008,2,3,2,2,1.413934526808315,3.8173125622949744
2.139398304859169,0.24960607559874531,2,1,3,2,2.4889520500625495,35.04900000665657
2.5604388781339544,0.11344187501621106,3,3,1,2,2.1901255073745647,16.639964957961894
1.7449452729464388,0.07695579768135165,3,2,2,2,2.2946743762592092,33.44975924539929
1.9981071336503762,0.1595856132224649,2,3,3,2,1.4534381869430166,3.864644162510559
2.050257665607324,0.22085856435410817,1,1,1,1,1.749508973614378,12.714709762017284
1.3679675454337128,0.1355044613759538,1,1,1,2,1.6434874620336892,25.41502274395301
1.837684010722465,0.10000495558455678,3,3,3,2,1.7506985461281015,8.593000601550443
2.6677402760826814,0.07475083721856576,1,3,2,3,1.1887126985761705,3.684717138085595
2.2093315845835875,0.14300305459540935,2,3,1,2,1.6296272136918821,7.408942773845591
1.4840105318991479,0.11292792454750847,3,3,2,2,1.837381479923931,13.780555520577211
1.7421690169753679,0.09682685616663815,3,2,2,2,2.4711477065828555,37.604849708643314
1.5065648154603197,0.10279008665540204,2,1,2,2,2.436649717693297,46.37093811629849
1.239717010877716,0.062198410520719095,2,1,3,1,2.340969308096624,24.18657218475296
2.6839367336064424,0.147385098507237,2,2,3,3,1.7171254844358015,15.097527979311174
1.9171317252109943,0.22940696224431145,3,1,2,3,2.676746451256512,76.05641908583455
1.6920561158732577,0.1516502925453269,1,3,2,2,1.173388419238012,2.730225827894481
2.1575635064923784,0.15938954267414632,1,1,2,2,1.2792762064302146,11.38634345931962
1.211703130068825,0.101889966277799,2,1,3,1,2.251818813549324,22.92617522305861
1.6448353705613021,0.11181596070206157,1,1,1,2,1.6938394922870845,24.200260400988245
2.324853545118228,0.09934458987586423,2,1,1,2,2.8280644006207925,55.42831816778764
2.2140316369108204,0.12445138796560477,2,1,3,2,2.487181258983568,33.77043792317254
2.7708895160680567,0.06547407299235294,3,2,3,1,2.4133450470803575,12.111474521340735
2.19257233545287,0.11614999861667044,3,2,2,2,2.274751150386454,29.337514029503186
1.9640093978043724,0.20330423099372674,2,2,2,1,1.8491166765174056,8.349152104140096
2.418292101094412,0.18071350354326382,3,3,2,2,1.6488931789100678,8.453387959446987
2.6453245951424846,0.03460180560775661,1,2,2,2,0.8783038318400268,3.0093057176658293
2.3531135147493627,0.15417463359421998,2,2,2,1,1.5382322672755304,5.354615507228955
2.7411379576790074,0.09018481587948224,1,2,1,2,1.385684894548871,6.340351006598377
2.4512082731810834,0.15691433118602904,3,1,2,3,1.818338216537305,51.73025317547707
2.5868823012190822,0.12110208809894296,3,2,2,2,2.0367034623181755,21.86024881436799
1.3825665138938195,0.04499557118926106,3,3,2,1,1.8757160900626724,7.8109742187401965
2.3718616047900603,0.08729898775180037,3,2,1,2,2.1353720339543627,31.090048651777497
1.9041419192437896,0.18869010134508724,3,1,3,1,2.2514829205435567,27.43952565693448
2.08496608385804,0.24011023480620344,1,2,2,2,1.29754585568558,5.79532347056008
2.246563855171771,0.0564154507582804,3,3,3,2,2.4671681484371586,13.941295924106942
2.7517041867289107,0.1170591040928909,2,2,1,1,1.9986435844471808,9.290866179105086
2.775324930290599,0.1561044428923023,2,2,2,2,1.6319097669305551,9.560861214992892
1.6611651927806483,0.1471707318937758,2,3,3,2,1.529495663491411,4.717638885418454
2.374005595900666,0.17764271201456655,2,2,2,2,1.79150599930432,12.757550829435779
2.3999736606964297,0.11151672452891925,1,2,1,1,1.1696133698779547,3.023443795040238
1.754388578100878,0.16128350044960654,1,1,2,1,1.4192609346768437,7.942116132674992
1.3981916397827536,0.038713209388959585,1,1,2,2,1.9531572060980138,25.00441552362504
1.2655151364571515,0.0,2,3,2,1,1.4240646867449551,3.285827698968401
2.4437490040466856,0.18797175618837236,3,2,2,2,1.8715910838907388,20.28923547497417
1.9835195869070494,0.1485528652013845,2,2,2,1,1.7870578967791673,7.751216014554853
2.7768642711918816,0.07364170492424427,2,2,2,1,1.835402925938737,5.948997809933947
1.9439575299098446,0.12320555799113629,2,1,1,2,1.4581887327418495,26.997426099537194
2.7646671665181444,0.027545892643386957,2,3,2,1,1.537776092654842,2.058119397977056
1.8585216035104957,0.17244432879666863,1,1,2,2,1.910393980304478,21.441322773352017
2.469891440895956,0.10086894817375688,3,3,1,1,2.08536881565655,8.45235867791331
1.3357108356989311,0.13032666132625909,1,2,1,2,2.0689385345584914,19.165679702783546
2.088738736220422,0.2107950894529233,2,1,1,1,2.4253328446936537,31.691111890831653
2.4832956591771587,0.15160306109260918,3,1,1,2,2.884680207425256,67.29774197040132
2.679522667551822,0.12132701720617928,2,3,2,2,2.390025780774298,9.470295757655995
2.5161329449878904,0.21007068424820893,3,1,1,1,2.6774468785323795,45.33877009987231
1.2591531635218787,0.04784073335067285,1,1,2,2,1.6989210623798103,21.497867322762374
1.7963237460907746,0.17009642283529075,3,3,3,1,2.2421220880294,7.293952511937017
1.277917555702162,0.16035683178626772,2,2,3,2,1.632229069981502,12.489542722994884
1.3748516657832928,0.17987387923800752,3,2,1,1,2.2323058958484907,27.25625286467596
2.2804890058679748,0.0915132834170414,2,1,2,2,1.855681707076506,26.14952840686795
2.341213114098717,0.1388871460373776,3,3,2,1,2.0693953672688647,6.665079431626782
2.4379530924026023,0.20951230913968272,3,1,3,3,2.254427273594054,55.50628954715777
2.58473047688906,0.14743989167474525,2,1,3,2,1.8439214500414849,18.839349907131485
2.3830903495624156,0.1586844382989999,3,2,1,2,2.3240419879316514,35.492564686701805
2.481394547370611,0.12492982567885237,2,1,1,1,2.00868656776583,20.442153223884077
1.2783419357172467,0.08458887847691231,2,2,2,1,1.221743659284976,5.8818734186469355
1.5752562407060777,0.15777845191532658,3,1,3,1,2.0133329236063733,25.252060651534347
2.1950364374003932,0.1613764354307234,2,1,3,3,1.705820052561561,32.30218050273981
2.573000487399717,0.12147100396114886,2,2,1,2,1.5351084281658078,12.241063189000693
1.2072001999034545,0.09822329529287914,1,3,2,1,1.2743269988435915,1.8183168222174018
2.0234069473861593,0.16297549725717048,1,1,1,2,1.7156816541214908,22.078699565216972
2.283659838983035,0.18878515682966723,3,1,2,2,2.7695838115097597,59.72156363838036
1.2473716626057811,0.24536178743487516,2,3,3,1,1.7758405468825313,3.647273603669541
1.8421688920854207,0.09010652031175234,2,3,2,2,1.8715708868547973,7.963802485625797
2.633015810213915,0.13179851818097701,1,2,1,1,1.582518857437737,4.131536283554335
2.274580494169374,0.12537976301313816,2,1,2,1,2.112903792727447,18.666121361091776
1.5802533813769557,0.1729039130595566,3,2,2,2,2.5298055226862965,40.90932618742117
2.56444980741106,0.12706789934491838,3,1,3,1,2.72582383752203,31.549729126066346
1.7568502774552228,0.2056727756961529,1,1,2,3,1.7628286102661974,33.208345049967875
2.565351473830495,0.18339513231470633,2,2,3,2,2.1813215612580428,12.918995749799816
1.6783098417902487,0.16672903479377557,2,2,2,3,1.096263527248981,16.22318913349655
2.144512401413038,0.23733429423230384,2,2,1,2,1.712861047757865,16.833452680593915
1.8351041083965345,0.06079898643010408,2,2,2,3,1.7082628603044807,24.719681354276137
1.6397200812081072,0.23148529239021548,2,1,1,1,2.395804863244471,35.11960193849939
2.6184920994749907,0.1362874943312849,2,2,2,2,2.2714184990852306,17.527109513384605
1.500149891103186,0.18724548660101725,2,3,2,2,1.1149461889369212,4.531840348404871
1.3356985459772208,0.050432685554886704,2,3,1,3,1.973350152244783,24.033518881630517
1.7470831016730566,0.12473925280947411,2,2,1,1,1.4485664441921193,8.126226434294747
2.3482226362265077,0.1608672298770377,3,2,1,2,1.8576354263317534,25.932493259915102
2.4918905695620506,0.13356269625818679,2,1,1,2,1.9797142893017905,33.395980074653075
2.7979893921068237,0.10775484378625631,2,1,3,1,1.9545380583602245,10.497713229123182
1.6741792912178637,0.2107829968755468,3,3,3,3,1.4824748160849373,13.645627483292333
1.8527071218100515,0.09209993380953106,3,1,1,1,2.64496339204777,50.557490148378214
1.418914044847402,0.17121282623218573,1,2,3,1,1.6038207274179808,3.807046828146368
2.1197950873968536,0.18444141717831586,2,2,3,2,2.1162124788491012,14.248312668965388
2.7961280596206675,0.0836604989943503,1,1,3,2,1.5199634010666405,8.457453552003035
2.3214096161930535,0.08358962278834833,2,1,2,1,2.0381251855082656,17.16866180629832
2.152340544661395,0.20484036079732398,1,2,2,1,1.3908718505292073,3.139840457582955
1.8277905486748702,0.056333347271764186,2,3,2,1,2.056398632440539,4.910462020279812
2.6644780164568873,0.14382263170101733,1,2,3,2,0.5497265652100346,1.6507420024211104
1.995066553808559,0.12473691540082495,2,2,3,3,1.512916695303269,15.974017866785314
1.4149870613008984,0.12467117047099349,3,1,2,2,2.4516622528375396,60.12321374296119
1.7846055411186135,0.16532229694941913,2,2,1,1,1.4743289295253492,8.268226116962058
1.307466670156427,0.1661391300522178,3,1,3,2,2.3725038928186652,52.0674467972685
1.5231664603020505,0.12748943625624554,3,2,3,3,2.1621773390890273,42.028797079772225
1.2282700495998595,0.062395745222697994,3,3,2,2,1.7526941673622596,13.869938417786049
1.9252478664002615,0.16470291405480808,1,2,2,1,1.4193406778308018,3.4964963660654305
2.2152644239228754,0.2349422152480165,3,1,2,1,2.638444783327344,40.11507648887457
1.7492679398062523,0.19338390709987835,1,1,2,3,1.5791200664906995,29.278206847265015
1.8726108344084431,0.1637332788449677,2,1,2,3,1.9140415798093793,47.44582276327783
2.734734836551321,0.09021303412826484,3,2,3,1,2.1502705250038385,9.747672895885119
2.4031409945198647,0.06788901286807902,2,3,3,3,1.547769096006323,6.914424504622682
2.065370619111922,0.21070762749432081,2,1,2,1,1.5279041303996737,12.388945587881112
1.6552654001789202,0.06604460130574943,2,2,2,1,1.9384661753883836,9.881767906884784
2.635194878036792,0.15289717288686722,3,2,2,2,2.064699631165962,22.118072669161215
1.576155387009055,0.149918464559104,2,1,1,2,2.4284605224433156,53.19519142529081
1.7205483688266832,0.2820873724889206,2,1,2,2,2.2273160426927427,40.02350496634314
2.6545037030767173,0.057726061903555746,3,2,1,3,2.5510199212658966,55.00230067391095
2.0472672884561156,0.18856459032048628,1,2,2,3,1.0966988618855276,9.241523376655946
2.3877087190687627,0.2382198891703181,1,2,1,1,1.288584007643772,3.492996887229167
2.1451916706620255,0.24021059259296731,2,3,2,2,1.1772624537627774,3.7950906349395486
2.245502734415192,0.13245569949897945,3,3,3,2,1.7384426373212023,7.355867570684685
1.6790132664237207,0.1684001402751685,1,3,1,2,1.5256316273525776,5.1549179175147914
1.5861952986026606,0.14492600763444247,1,3,2,3,1.5962471733767485,8.2470373922125
1.7159877554698644,0.1762294940990231,1,3,3,2,0.8055600115586621,1.412491787992957
1.4487065025334758,0.09156017853855528,3,3,2,1,1.812516699504815,7.251697192231547
2.5989029844652918,0.11568024860292439,1,3,1,1,1.1271412983928153,1.2257502373412756
1.6531950932001824,0.07385672699618864,2,3,2,3,1.7256816925429344,13.933490902906879
2.0983830310630154,0.1936384351183354,3,3,2,3,1.4220569209390526,14.447997244452987
2.4671590802261987,0.16021315630759847,1,3,2,1,0.6690999755414685,0.6146414307925325
2.4541185750011416,0.12807988603432024,2,2,1,1,1.9468878431617207,9.89323896851134
1.9014180137347085,0.10610319063538844,2,2,2,2,1.2152884293246227,8.914997946601734
1.962011693738761,0.24436148564107463,3,2,2,1,2.065960778158339,15.842796504438986
2.7915227982960396,0.11268987879350151,2,3,2,1,1.5986275425676522,2.1979001916785714
2.2793559631664384,0.12645178335942603,2,2,2,3,1.9246997909799353,25.69747422352085
2.5034215089886125,0.11884710979294846,1,3,1,3,1.1074845713368504,4.879440325746258
2.644086350750771,0.039088349760805274,2,3,2,3,1.440272984285741,7.519182059307934
2.4601437379669426,0.08737699521551243,3,3,3,2,2.2033712579149443,10.3103157339976
1.496286951925708,0.1059476929389041,1,1,2,1,1.7355617779097274,11.488728672063877
2.0994731739801153,0.2481579507499922,2,3,2,3,1.3558950134145622,8.832481541098481
1.3630306517032718,0.08309558401606246,3,3,2,1,1.9613168690046718,8.570232285358491
2.2446754025023976,0.19938729596611826,1,3,2,1,1.2649507067968577,1.221208480153553
2.7285590851004975,0.07594297851018803,1,3,3,3,1.6654711724354145,4.26654331419148
2.0203713028801777,0.2096812043252367,2,2,2,2,2.0358971004874737,17.794757590040945
1.8927559885884273,0.17863102337126688,2,2,1,3,2.1643670567861832,41.16837625864008
1.257348402269061,0.14463261697384533,1,1,3,1,1.466817781110111,7.535531659658695
2.7356392357267523,0.07517420165883847,2,3,3,3,1.3927451281234993,5.282617986957744
1.364804294608254,0.036680826780978476,1,1,2,2,1.579386002156103,18.8589782433709
1.265726549287755,0.032999421670185713,2,3,1,2,1.506928206008551,9.172414160912497
1.5937065784079014,0.11923366909058233,2,3,1,3,1.247592512659133,12.281450158743725
1.3048486942694117,0.04486016070201894,2,2,2,1,2.1797800879670453,13.785900583300261
1.9281885478588197,0.21093574049848687,1,1,1,2,1.9150054913276375,26.618160473331987
2.0257404820113796,0.17327952748891218,3,1,1,2,2.358296641609548,59.451362319524236
1.7001119184457343,0.27874524996075284,1,3,3,2,1.3425131947041562,2.455968916932773
1.2815367721198176,0.017319173192452422,3,2,2,3,2.2668697489011516,53.93481861601577
1.3785605891987627,0.12732307082865843,2,1,1,2,2.2659483942794125,50.99958611934843
1.8152070047838849,0.11896328279590121,3,3,1,1,1.5467078629423112,6.56457809842192
1.2968455213224577,0.0815760024905271,1,1,2,1,1.6063016780407695,10.947437935671658
2.3171035609758617,0.16479049887024566,1,3,2,3,1.1325884416282614,4.064852797703426
1.531232866439699,0.021229146781578848,2,2,3,3,1.9870926298834954,26.48025424715592
1.6833145100538216,0.1696165738465776,1,1,1,3,1.4614687196453602,33.67226197206758
1.830601243484956,0.27255887224503583,1,1,1,1,0.9000207827752812,6.430164499689896
1.8665754129106364,0.15953814013632187,2,2,2,1,1.475490084695124,6.06976490931623
1.2026571322796809,0.10667801047756625,3,2,2,2,2.181685604286728,35.93833351507194
1.379312593597916,0.16848776380265879,1,3,2,2,1.1691652676509996,3.08028085976959
2.580423301985405,0.11441255140059621,3,2,3,1,2.7051244367874956,16.74006694270196
1.2019729000190529,0.06454837724263289,3,2,2,2,2.3748239321974296,40.2981955585963
2.0130677693006,0.08447081057383239,3,1,2,1,2.474459083769447,37.428584187081675
1.9832032104115327,0.2298099640246197,2,1,3,2,2.040282616965569,26.75601786535103
1.7329506576170204,0.15873500052915787,2,3,1,1,1.881255014650908,5.840475224898064
1.8901232322343193,0.13471557172850115,2,1,3,1,1.8729668643527686,13.515368126891813
2.448929820042535,0.14647252617488005,2,3,2,1,1.5079148636778203,2.314945205369171
2.5459259299439303,0.0980258581671669,3,2,2,3,1.8732225639585098,32.61736262899335
1.6165576694644,0.12245304937281039,1,1,3,2,2.075671814608591,20.64496157110825
1.7159847055483677,0.1924458518785511,2,1,2,3,2.167749681100484,55.47409423070688
1.5879725648453322,0.07814388807985206,1,1,2,2,1.4377430111988163,15.685498665763323
1.967781440881704,0.24806995642124846,3,3,2,2,1.9156634969045077,12.765706986743536
2.2932133722541006,0.09102057554353309,2,2,2,1,1.9528952289618842,7.971790703150035
1.5652046007414728,0.10889220968109986,2,2,2,2,1.7247843261833173,15.715916215870203
1.7291771872877866,0.2600376013417004,3,2,1,1,2.03965881348622,21.41642526885483
2.6886153881426407,0.1645523529964357,3,2,3,2,2.0037178942047005,16.26259902273654
1.2777108637551329,0.10857498145878974,1,3,2,3,1.2516885697723343,6.675236978651141
1.9372313683833058,0.1446043383427133,3,3,2,3,1.8425837162367946,21.359538043704923
2.3384928665548443,0.12840400245769276,3,2,1,1,2.063872679571176,17.568738274684947
1.4407264184919584,0.12909395486154593,1,3,2,2,0.7491814734833784,1.981522918085385
1.275798432008771,0.10531595255148272,3,3,1,1,1.9732921729581512,11.753696625042483
1.4211285946216492,0.11827359946825508,2,2,1,1,1.7456329683624277,11.929075091395196
2.6701171096490923,0.10910942634257847,2,3,2,2,1.4535054954074107,3.9440623386534654
1.2148156509137975,0.0845899979699173,2,1,1,2,2.1096312032466153,48.51600953698093
1.5013151596981629,0.06140975117775442,1,3,2,2,1.3744006788207694,3.509931938614072
1.2500536206426311,0.07418161231097586,1,3,2,1,1.3604696415821405,1.9365332780352955
1.3770071480995252,0.16266548911261236,1,1,2,3,1.8158185502699289,37.69647982286531
2.1922388586052737,0.10595143730840764,1,3,3,3,1.0777989164092836,2.994744205998043
1.5866222539825372,0.13540519162070772,2,3,3,2,1.3799004992176274,4.1980320782851255
2.110739280689083,0.1442470661362468,2,1,2,3,1.736825307603269,40.64595401698418
2.144312612425802,0.186325839813132,1,2,3,1,1.2220530477985754,1.9871311309494266
2.5590965329436464,0.10602213655417292,2,3,3,2,1.555895028540971,3.400867688520933
1.2075862286589982,0.1682145137365999,2,3,2,3,1.3141141635042553,11.55484896170368
2.5653911349477867,0.1499436730498078,2,1,3,3,2.0788171417352332,37.34719656527445
2.1905905382831583,0.10899776994005166,3,2,1,3,1.9103629966264408,43.92827056334257
1.460389577767932,0.1616133442830759,2,2,2,2,1.3017024332978935,11.403917251301271
2.4366998210164543,0.10304076438470294,3,1,2,3,2.6958218362594386,71.94530259437235
2.568786466864937,0.0953119858491317,1,2,1,2,1.2576756213902467,6.004280749901403
1.6068215740066516,0.16326716087290966,2,1,2,1,1.7988899040328328,18.076319916152855
2.670069889444289,0.08606997708758804,3,1,3,1,2.1218458576107686,19.325951669654394
1.9271318884778523,0.23492704261319478,3,2,2,2,2.3269107924191204,33.24873439403673
2.165479126933314,0.1392106133332217,2,2,1,2,2.21247231344039,24.4922748617895
2.7754392537882295,0.06566077186533457,2,2,1,2,1.6790778416981569,12.808858836607293
1.7784577258227188,0.1376424854322904,2,3,2,3,1.4853309876012255,10.92404017476341
2.50105495331218,0.10491073547395735,2,2,3,2,2.1214895519667216,12.368904529317717
1.7094385885255354,0.21621805624746204,3,1,3,1,1.9068662886925065,22.554051528675767
2.4787416355863856,0.1676075966023304,3,1,2,2,3.0400605928738003,64.15471288804544
2.161174270180228,0.2640072950099065,2,1,1,2,2.783230090697911,56.74762945553237
1.5461691123606423,0.2528714251763817,1,2,1,2,0.5880987411739752,4.834707736095202
1.8624417500627781,0.13012304841175343,2,1,2,2,2.020749031324973,33.22107531166087
1.7082170149816986,0.16461655836392425,1,1,3,2,1.434315890439131,11.752829593184114
1.3249734289285822,0.051186441358305974,1,1,3,2,1.57056846872858,14.815019768235896
1.2477356321595159,0.0608177879005221,2,2,2,2,1.6744844791152231,16.6249265574766
1.7543658486514895,0.1357446543074151,2,2,2,3,2.0435277295438077,32.49600376179224
1.2304546365079785,0.04453620782748341,1,3,2,1,1.1162290279096028,1.5261458240709906
1.4647804121308399,0.0760430246391913,1,3,2,2,0.876727835740013,2.2010577437238723
2.3602933133613897,0.144746672625802,1,2,2,2,1.3483444516114629,5.3818173981340145
2.3329459770937406,0.09477128213484756,3,1,2,1,2.604435271088723,37.52430222018138
2.3817286183318123,0.19120919884597334,2,2,2,2,1.4448836016704156,9.367505185628447
1.7074450738079658,0.11510499963685306,1,1,3,2,1.1561298933090058,9.080649484621063
2.6240311313883127,0.2572742976530446,1,2,2,2,1.997822840250596,9.109524072946442
2.150128876845516,0.15741359387237813,2,2,1,2,1.6072719960874693,15.170419841100038
1.4016421467946023,0.12381983500179959,1,2,1,1,1.3587941039241431,5.329733250024817
1.4299498583288546,0.059226255220545504,2,1,2,1,1.9306613782523283,20.92464985923556
2.308952683087522,0.24411089682804565,2,2,2,1,1.9644263112246425,8.23881712676454
1.4767102983073248,0.18620307381445578,3,3,2,2,2.481836976927313,23.656471962346235
2.011668322531269,0.2132900171993031,1,3,3,2,1.3239801525187853,2.10819816573124
2.786839161485937,0.02774798436289677,2,2,2,3,1.3444904557380029,13.41566783487973
1.2064121675733432,0.10472163289601012,1,2,2,2,0.9847629718974411,5.85876365183733
1.226527683036091,0.04079880543728272,3,1,3,1,2.3303105674019253,34.25072876727406
2.78893533108881,0.16792638569516005,3,3,2,1,1.8695300401400203,4.686618856679584
2.1354221346146645,0.22240345197737008,2,2,2,1,1.2834146191360198,4.625293674463955
1.403055960829621,0.12517941336833627,2,1,1,2,2.2958022760523322,51.489953106509645
2.6356835196065496,0.0,1,2,2,1,1.0741038326355565,1.8339837503190615
2.6086084802043072,0.06968140370647417,3,3,3,2,2.397990468637727,11.593338648822064
2.0579206609782004,0.22666530178290023,2,2,3,2,2.3461897791617163,17.77530680339997
2.19486724777721,0.23466188488252976,1,2,2,2,1.325523940210347,5.702819534125911
1.637099506401402,0.20707175809479353,2,2,2,1,1.9316917921254555,10.140284717013472
1.2808315141952082,0.024510218447288318,2,2,2,1,1.4304158333747397,7.063244355378104
2.151308174225383,0.19490319211059418,3,2,3,2,2.3871028979437345,26.22242750742793
1.6716083091244207,0.20699020204073593,2,1,2,2,1.900542272969689,32.591864568018174
2.261793674656563,0.08217739843334604,2,2,3,1,1.473829403523494,3.8625454122177647
2.537992282948162,0.12787246983824993,2,2,1,3,1.7131995035241048,25.418354333244974
1.2290568702629825,0.11089970261715382,1,1,1,2,1.5102755974783912,23.881864035341298
2.1531420394971637,0.16454283215804144,2,3,1,2,1.4524521790988738,6.441074576822234
1.5700488634989636,0.05006508902980174,1,1,1,1,1.9349039708449076,17.035653301380076
2.598221596646082,0.10395221494350262,3,2,3,1,1.9644077222092804,8.67411885392496
1.6058632104989254,0.1310831565537722,2,2,2,1,2.320506899932163,14.238486220059492
2.1772322131766693,0.16896541801572307,2,2,2,1,1.4024821101523939,5.046857831603786
2.0856653441433783,0.16040438284296277,1,2,2,2,1.8846290819535787,9.818497927267309
1.8338664000947982,0.15569824568389976,1,3,2,2,0.8450468134279919,1.875503114817443
2.2841932217596703,0.16012225631469507,2,2,2,3,1.7996960302390153,23.470053952297395
2.361231415544694,0.17395854150919304,1,3,1,3,1.002941165956594,4.71214254186645
2.1071004725110187,0.1704985988556975,1,3,2,1,1.0468813985386436,1.033470582302298
2.413475579495606,0.12438747631551907,3,1,1,1,2.690407170906665,46.25439112495928
2.7734673215887,0.10148872570089626,2,1,3,2,2.4999480391686433,29.12870968878184
1.870835820641288,0.08673231312407935,2,2,1,3,2.1571574114866925,40.761577407483216
2.0233328830168493,0.2207407052924097,2,1,3,3,1.9285431002974458,39.25414246861603
1.2199518047059412,0.09596541910464422,3,2,3,1,2.255276566721366,18.041903535901916
2.473645690096605,0.13883191765033073,2,2,1,1,1.5653766378994916,6.937594111244818
2.03236810727359,0.24372096774324456,3,2,1,1,1.9025349062275918,17.340740963796414
1.8527382885769041,0.08272432864117481,3,1,3,3,2.1061097282813996,56.992846032879584
1.3505151409430332,0.01471032529945622,2,3,2,2,1.4187280079047613,6.188840998391938
2.6234502746806356,0.13056348897542455,2,2,2,2,1.8748816893044826,12.472948539238539
1.8320115840648903,0.17724570178555962,2,3,1,2,0.9764554520745486,4.6490560130021406
2.2921305571347528,0.16955810620829623,2,1,2,1,2.0360938892257705,17.554216757054984
1.438998650189041,0.1020934662665832,2,2,2,2,2.2548075373648575,24.966996897855516
2.7384794072656518,0.13475376274324302,2,1,3,1,2.3865733207222375,15.684831435276367
1.4855068189149294,0.17803285133821328,2,2,2,2,1.6244447770420003,15.005734260327522
1.5192671886391844,0.16010140651613428,1,2,3,2,0.9809381272151643,3.936382624782966
2.574372576892342,0.11037556682745861,2,3,2,2,1.687949091939448,5.118706365469413
2.6601323906270897,0.0065978785356678865,1,2,1,1,0.70477152493775,1.6990542831222446
1.5394358520372822,0.1770532573401607,2,2,2,3,2.1330462347648034,36.648700368112145
1.9516814210797246,0.2546439561215096,2,1,1,2,1.985923762635028,39.08311136270915
2.3735918473005277,0.18241567429246197,3,2,2,1,2.7493900961732205,23.80203803221334
2.6053851740972824,0.07529985541865368,1,2,2,1,0.8819103543270603,1.5593515603857329
1.8064843120596883,0.20788762795801302,2,2,2,2,2.07544386756235,19.693335529134547
2.0272311789590867,0.23939566153686073,2,1,1,1,2.0198473489557403,24.173955567537767
2.386746256831576,0.22637464481241082,1,1,2,1,1.5506848405583757,7.1841598613243
2.3698175626444726,0.10688549543600577,1,1,2,1,1.2390469604363568,5.277480494483742
2.4527362080417356,0.128312443033895,1,3,2,1,1.328724372013515,1.1812576360742228
2.111894109826442,0.22244438791364718,1,2,2,2,1.6028412154330574,7.603871514202629
1.3673841548876402,0.11852172422359326,1,1,1,2,2.185538340589767,36.87202279426783
2.646357265404864,0.05795265117678773,2,3,2,1,1.8524150788581777,2.9468061456992296
2.5849160629136447,0.1427420058628492,2,1,2,2,1.8718314013132795,24.349980990247076
2.476955897309333,0.16533896204951398,1,2,2,1,1.0988412249147457,2.0656076549260094
1.359779963457167,0.1190354732775057,1,3,1,1,0.7394525699432841,1.3644876925442517
1.5270357873302867,0.14791735133636877,1,3,2,1,1.5919673036918411,2.2112241217137694
2.389760584172243,0.1350966270260811,2,3,2,2,1.3165477147166402,3.8704082843578167
1.2370241513311142,0.17218383362995154,2,2,2,3,2.244068960691392,42.157677081730384
2.766759413931647,0.05273080229014655,2,3,3,2,1.70752161225862,3.596310576370448
1.803431488569089,0.14442482700435627,1,1,3,1,1.748970864478188,7.991395014375764
2.3509000539053178,0.15376260182233392,1,3,1,1,1.0579395062319106,1.272138316255831
2.620113741580869,0.1612658691742621,3,3,2,1,2.1482018739006756,6.491307359029787
1.8314078210401314,0.10265238430062402,1,3,2,3,1.1453587711489595,4.895434775923093
1.7106119817594656,0.09590009341299015,1,1,3,1,1.539236012559357,6.749451101966572
2.1739858062371944,0.07491546711497152,1,1,1,3,1.85880143599446,37.852588708331616
2.1295829979968808,0.18435702819641278,3,2,2,2,2.156808367233661,27.724806197340403
1.8546239641996753,0.12470123769962951,2,2,2,2,1.5604995663783519,12.38561181480903
2.1628396093883335,0.1590605465806597,2,2,2,3,1.9799480326381955,27.820644807117446
2.6966101913063913,0.14018755065373323,3,3,2,1,1.9308043033114306,5.1183302876117995
1.9482244106025544,0.16101945204119825,1,2,2,2,1.5466730035273413,7.582924134640449
1.51478748920101,0.14686909969730289,3,2,1,1,2.0638420424937443,22.922381888963354
1.8035295726128062,0.15883704762745474,1,2,2,3,1.0372636085957132,9.514429879590523
1.8305711721489897,0.21101520537468715,2,1,3,2,2.570522188754283,39.66356267808324
1.4097739088419516,0.145059591212994,2,1,3,1,2.5139834232290723,26.484935941653838
1.4605944008872878,0.09348256864290787,2,1,2,3,2.3151354883785884,61.0542756960466
2.2952993174298832,0.15219417000599295,3,3,2,1,1.8336567943877182,5.447367881601988
1.7431644067342442,0.2179424241172573,1,3,1,1,1.0599046080516783,1.6402666765931204
2.727837426969292,0.12262385325013259,3,2,3,2,2.6146982337689395,25.885811984831104
1.5897547925737718,0.07545253612227967,2,2,3,2,1.6938509887297761,11.640118435278605
1.3582792081677155,0.14721813081426455,2,2,2,3,1.6102331890958108,26.82273634439741
2.405607300800413,0.09168849543813304,3,3,3,2,2.511670402690936,13.797225787347836
2.609657683068592,0.18933796242223808,1,3,1,2,1.1356966955158383,2.4836306695322117
1.6449813709943806,0.203869124791302,3,2,2,1,2.7305275985541537,29.179313477493054
1.5233409626327648,0.15093973548028866,2,3,1,1,1.1304824267929994,3.0808666665950715
1.4972258157937395,0.14082508427764162,2,2,1,3,1.9554554648353506,39.76491869783006
2.0352196821864195,0.1848524295737731,1,2,2,1,2.0213247797649845,5.97603379090463
1.9494666259948334,0.22718841436931253,2,3,2,2,1.5589252233976585,5.866676935459157
1.6151037437672546,0.1301415906958642,2,2,3,1,1.7207986523196612,6.3019720932515915
1.2722769871830821,0.11474875848973899,2,2,2,1,1.4496744247204743,7.335318167441732
1.970386144522049,0.23964820426224576,1,2,3,2,1.7247029163305743,6.814611348252537
2.734931756216973,0.07391877199479077,1,2,3,2,1.1689615752077938,2.9022627710803803
2.244030721204261,0.1366529335065638,3,2,2,2,2.1715574321830036,26.91923191134597
1.9928104906057893,0.13932312471121563,1,2,3,3,1.0296493160622167,6.663227064790529
1.3771073184473857,0.06372400515334281,2,2,2,1,2.26706838002923,14.541431666843868
1.6038980648793395,0.055766643078503486,3,1,2,2,2.7964655932177047,66.06202985061068
1.6716383193192683,0.19270988202667894,1,3,1,1,1.1405245752360607,1.8171026154983407
2.423685684171575,0.2339543025479286,1,2,2,2,1.0537553193239215,4.035190307228512
2.6027372756233906,0.1909014770903965,2,3,3,1,2.0107721147727897,2.680117952938695
2.6426269657063015,0.0330121801411673,1,1,2,2,1.5402204818858558,11.813323692387593
2.775309773201206,0.13286809715098252,2,2,2,1,1.4684385477547446,4.248819643302652
2.7717866929672517,0.16820042510054428,2,2,1,3,1.2713645962582367,16.746373028727028
2.72479861242877,0.0805196859725641,2,3,2,3,1.3562104604318677,6.801394798566304
1.3149154248046149,0.11372776150645114,2,1,3,3,1.6136085632410182,37.99849619884566
1.4204696574844882,0.022334635124364913,2,3,2,1,1.3631537490431527,2.92960968758733
1.6871464423616525,0.17162300071371908,2,2,3,3,2.0233226201093144,26.55709502557358
2.084637206503138,0.13553705266117907,1,2,2,1,1.2873799508074302,2.876616127514969
1.3551646219287667,0.12400370048607795,2,2,3,1,1.9067080146341133,8.237119971651499
2.553275132483428,0.048169836226098925,3,1,2,1,2.232999602140331,27.315447716304032
2.1868098865236942,0.2022349263540539,2,2,2,1,1.8195507199092695,7.483224177501997
2.067783043683528,0.2421878946135308,2,1,1,2,2.6262702466258063,53.68318137460493
1.4644981173876657,0.08944075589926373,2,2,2,1,1.695454176591931,8.52972511783372
1.6052087590403157,0.09051503880152037,1,2,3,1,1.5153288312858977,3.202617019046506
1.4564992399716128,0.019732079868715988,1,2,2,2,0.9303418317594685,4.981637792959566
2.5630930524716775,0.11160024963335083,1,1,1,3,2.1060318367250614,40.20609012694308
2.134764576097949,0.15295169313952656,3,1,3,2,2.3068380113165405,42.15344519000525
2.3762070840314133,0.07228808484507548,1,1,1,2,1.9651600949719503,23.66986450650827
1.6736525806560412,0.17913794856974743,3,1,2,1,2.4130459112723286,39.6376167612594
1.7940042193412433,0.1500353768189333,1,2,3,3,1.583473809506242,11.87709426233322
1.847767943082454,0.12591559447873227,1,1,2,1,1.8513037281633002,11.278336509025824
2.4160239547904556,0.11680151907925024,2,3,3,1,1.414267898146185,1.5847308565038756
2.4357647802793085,0.19546325624257296,2,1,2,1,2.3775719307285557,22.138019131194167
1.5309016440224505,0.16760039972408786,3,1,3,2,2.22230454080207,46.094570557758146
2.7064621707809584,0.09930374082094773,3,3,2,1,2.183380266008263,6.4203287181512945
1.3930485399098982,0.15002838957789574,3,1,2,2,2.3329384117500407,57.584136092934315
2.6337953318778085,0.05744835793028859,1,2,1,1,1.5048673845896179,3.779098644294036
1.3606330330396947,0.11636957610831083,3,3,3,2,1.8114020992937219,10.81694471470028
1.6232636978420976,0.15713460956993655,1,3,1,2,1.1649927924119787,3.722332979056574
2.554365657708731,0.10259275354723289,3,3,3,1,1.6275918894924701,3.00717524489491
1.4871873157537399,0.15339789223170286,2,1,1,2,2.1242670954066383,46.50749041699623
1.8617086900959516,0.14253948594723764,2,2,1,2,1.8132563504878758,19.735328259844316
1.9197748799106018,0.2147943527102195,1,3,3,2,0.9879539337782582,1.5719682418785172
1.5924143568371354,0.17324818615484933,1,3,1,1,1.133491610082911,1.854520855118652
2.3363923221375784,0.009289696346802906,1,1,2,2,1.690201342850373,14.899596478008284
2.562135439043526,0.18456389330303577,3,2,3,1,2.0150928840204667,9.339673834303461
2.5993202237689146,0.0,3,2,1,1,2.1613724272810995,17.102848642708924
1.7429154331784975,0.13491960647932674,3,1,1,1,2.148334417731524,39.60746642916141
2.049360630860503,0.2446859842648207,1,2,2,2,2.103719911688302,12.270210055284318
1.5974502461850424,0.13046236322871696,2,1,1,1,2.3677355980624553,34.40828468565822
1.5916744024802325,0.07224728787388725,1,2,1,2,1.4819282316894653,10.524188311644043
1.4580065005630785,0.07304734698924359,2,1,1,1,2.4016338782430084,36.19387570834125
2.7040304172920235,0.15747456501042786,2,2,2,2,1.2062242569948667,6.636641045975805
2.620782125768928,0.021153823370044372,1,1,2,1,0.8826960786497982,3.3524287042206646
2.4437739413243076,0.19727969620485986,2,2,1,2,1.6802126814750282,14.706095109587187
2.0282584340603664,0.19347710383983666,1,1,2,2,1.2364307569193673,11.545656751946558
1.984972664818995,0.13837658878707768,2,3,2,1,1.4790183426655013,2.692789609108212
2.0475930658919967,0.16449850426593254,2,1,1,1,2.1116969921784694,25.455953511942162
2.0585088217233425,0.14133760671513895,1,2,2,2,1.6761243495021834,8.17344037278557
1.8953009355163044,0.2293513847784337,3,1,3,3,2.108520804717436,57.35306081498287
1.4108077326273079,0.15806242150511632,2,1,2,3,2.1698892058480217,58.35050080589793
1.4010621645896575,0.03418356525148532,3,1,2,1,2.45431690794567,42.573564310177204
2.723599545353093,0.0833404546936209,2,1,2,2,2.1542527929799253,28.525976774875982
1.9712492153381609,0.15300727892787425,2,1,1,1,1.89406841477392,22.03153153687846
2.7251288398483022,0.16799165310986156,2,2,3,1,2.214940541958636,6.651405279931372
1.461723004336176,0.060724778005169094,3,2,3,2,2.1689474054710822,26.823482757219352
2.0870664832638934,0.26860259079906496,2,1,3,2,2.5822546670511306,37.781063010165894
1.5323476053624627,0.13598161040581483,1,2,1,2,1.1628834038953328,8.144608635674102
1.6050953698025623,0.08924932898800393,1,2,2,3,1.6228482019866661,16.77944035088662
1.248087326017886,0.06588126760192092,2,1,1,1,2.0320994558318413,29.860298063565594
1.390325297184338,0.07862909758615588,1,2,2,2,1.301677274999971,7.318747381861579
2.666957452206713,0.0473414196049963,1,1,2,1,1.839694602140264,8.183890675563228
1.7144527863717307,0.16666838116941624,1,1,2,1,1.5602479562431233,9.177106032777212
2.1730067390633465,0.11553665725696166,2,2,1,1,1.0014103988528016,4.544749415822732
1.9440226111828367,0.08351803772080214,1,3,3,3,0.23113956304770777,1.4346966495190108
1.8407219923924452,0.15977910877658405,2,3,1,2,1.9317266480852147,11.178799063548746
2.051017746153709,0.10305482402527803,3,3,1,1,2.319077537363909,12.124225595467685
1.4995823113845463,0.09566959811456348,3,2,3,2,2.766202283876784,39.78343835147224
2.7817662376313224,0.05030935721898923,2,1,3,3,2.044741525515347,34.12108086603469
2.5092925899261806,0.0885335177418852,2,2,2,3,1.4122095594006328,15.791809477317756
2.3865834123704244,0.24850370009678446,2,1,2,2,1.9241248472046997,27.273153230924198
1.9500148752223239,0.19615589505478842,2,1,1,1,2.053427354608394,25.211810618764435
1.4446033954021376,0.13821566983671826,2,1,1,2,1.7478885327144673,37.69980364476707
2.6730653732377085,0.021438035417857465,1,2,2,3,1.89457241689216,14.549680358893418
1.7462193078107642,0.13346441769292244,3,2,2,3,2.8718508638931213,64.56691235998142
1.280170703515094,0.1147878919657548,1,1,2,3,1.7934842102190534,37.85690083425685
1.7478458828970058,0.11515300540728379,3,3,1,2,1.9467408759905414,17.80863382561533
2.471131248793415,0.1825856423367773,2,2,2,1,1.4115099064576704,4.563263809121489
2.196333991981133,0.11368730510746411,1,3,3,2,1.6139301688468155,2.553431760416288
2.4013417355917754,0.1321694617945045,2,1,1,1,2.072892043254714,22.07655372804049
2.4698166141798037,0.10805520277724827,1,2,1,1,1.3132506804768163,3.37949425252968
1.539127377728868,0.14676634999961155,3,1,2,2,2.5943522266023615,62.435030390482915
2.678053305749088,0.07756838897401697,2,2,3,2,1.6242865413032443,7.368459017578388
1.900783364672596,0.17322643393613263,1,1,2,3,1.6940625519365455,30.330570119151762
2.2224218388226635,0.15853725023474557,1,1,3,2,1.217259944746302,8.017281330001527
1.2036940361387871,0.05710648361560658,3,2,2,3,2.5261261567757303,61.20814196215447
2.789389597457885,0.11900274709713765,1,1,1,2,1.6186766876592982,15.798754547679062
1.6494342175426482,0.16517731441422437,3,1,2,2,2.797640258190204,66.17051102845284
